ahn_id,name,match_score,cand1_fdc_id,cand1_description,cand2_fdc_id,cand2_description,cand3_fdc_id,cand3_description,cand4_fdc_id,cand4_description,cand5_fdc_id,cand5_description,cand6_fdc_id,cand6_description,cand7_fdc_id,cand7_description,cand8_fdc_id,cand8_description,cand9_fdc_id,cand9_description,cand10_fdc_id,cand10_description,fdc_id,usda_description,reviewer,note,1003,1079,1087,1089,1090,1092,1095,1106,1162,1177,1178,pct_dv_protein,pct_dv_fiber,pct_dv_iron,pct_dv_calcium,pct_dv_potassium,pct_dv_zinc,pct_dv_vitamin_c,pct_dv_vitamin_a,pct_dv_vitamin_b-12,pct_dv_folate,pct_dv_magnesium,flag_protein,flag_fiber,flag_iron,flag_calcium,flag_potassium,flag_zinc,flag_vitamin_c,flag_vitamin_a,flag_vitamin_b-12,flag_folate,flag_magnesium,n_compounds,n_recipes,category,is_spice_herb
3,mackerel,86.67,171686,"Acerola, (west indian cherry), raw",173946,"Blackberries, raw",171687,"Acerola juice, raw",173257,"Mckee Baking, Little Debbie Nutty Bars, Wafers with Peanut Butter, Chocolate Covered",167765,"Watermelon, raw",171719,"Cherries, sweet, raw",173954,"Cherries, sour, red, raw",174687,"Jackfruit, raw",172750,"Cracker, meal",170927,"Spices, mace, ground",175119,"Fish, mackerel, Atlantic, raw",claude_proposed,raw/plain form chosen,18.6,0.0,12.0,1.63,76.0,314.0,0.63,50.0,0.4,1.0,8.71,37.2,0.0,9.055555555555555,0.9230769230769231,6.680851063829787,5.7272727272727275,0.4444444444444444,5.555555555555555,362.91666666666674,0.25,18.095238095238095,high,low,low,low,low,low,low,low,high,low,neither,65,44,fish/seafood,False
7,black_pepper,84.55,170932,"Spices, pepper, red or cayenne",168393,"Balsam-pear (bitter gourd), pods, raw",168391,"Balsam-pear (bitter gourd), leafy tips, raw",170931,"Spices, pepper, black",170933,"Spices, pepper, white",173946,"Blackberries, raw",173474,"Peppermint, fresh",170106,"Peppers, hot chili, red, raw",170497,"Peppers, hot chili, green, raw",171325,"Spices, garlic powder",170931,"Spices, pepper, black",claude_proposed,raw/plain form chosen,10.39,25.3,443.0,9.71,171.0,1329.0,1.19,27.0,0.0,17.0,0.0,20.78,90.35714285714286,53.94444444444445,34.07692307692308,28.27659574468085,10.818181818181817,0.0,3.0,0.0,4.25,40.714285714285715,high,high,high,high,high,neither,low,low,low,low,high,38,9893,spice,True
9,peanut_butter,135.0,169869,"Peanut butter, reduced sodium",172471,"Peanut butter with omega-3, creamy",172458,"Peanut butter, smooth, reduced fat",174265,"Peanut butter, chunk style, with salt",172469,"Peanut butter, chunk style, without salt",172470,"Peanut butter, smooth style, without salt",172460,"Peanut butter, chunky, vitamin and mineral fortified",172459,"Peanut butter, smooth, vitamin and mineral fortified",174294,"Peanut Butter, smooth (Includes foods for USDA's Food Distribution Program)",174266,"Peanut butter, smooth style, with salt (Includes foods for USDA's Food Distribution Program)",174266,"Peanut butter, smooth style, with salt (Includes foods for USDA's Food Distribution Program)",claude_proposed,raw/plain form chosen,22.21,5.0,49.0,1.74,168.0,558.0,2.51,0.0,0.0,87.0,0.0,44.42,17.857142857142858,9.666666666666666,3.769230769230769,11.872340425531915,22.818181818181817,0.0,0.0,0.0,21.75,40.0,high,neither,low,low,neither,high,low,low,low,high,high,145,1029,plant derivative,False
17,red_bean,93.68,170070,"Winged bean tuber, raw",170478,"Winged bean leaves, raw",174283,"Winged beans, mature seeds, raw",170476,"Winged beans, immature seeds, raw",169222,"Yardlong bean, raw",170552,"Seeds, breadnut tree seeds, raw",174281,"Yardlong beans, mature seeds, raw",172876,"Turkey, breast, from whole bird, meat only, with added solution, raw",174256,"Mung beans, mature seeds, raw",168396,"Lima beans, immature seeds, raw",173727,"Beans, adzuki, mature seeds, raw",claude_proposed,raw/plain form chosen,19.87,12.7,66.0,4.98,127.0,1254.0,5.04,1.0,0.0,622.0,0.0,39.74,45.357142857142854,27.666666666666668,5.076923076923077,26.680851063829785,45.81818181818182,0.0,0.1111111111111111,0.0,155.5,30.238095238095237,high,high,high,low,high,high,low,low,low,high,high,87,33,vegetable,False
19,bacon,135.0,172439,"Bacon, meatless",169893,"Bacon bits, meatless",174602,Bacon and beef sticks,171640,"Bacon, turkey, low sodium",171639,"Bacon, turkey, microwaved",174592,"Bacon, turkey, unprepared",168382,"Bacon, pre-sliced, reduced/low sodium, unprepared",168538,"Corn, sweet, white, raw",169998,"Corn, sweet, yellow, raw",169961,"Beans, snap, green, raw",168277,"Pork, cured, bacon, unprepared",claude_proposed,raw/plain form chosen,13.66,0.0,6.0,0.38,13.0,201.0,1.14,11.0,0.0,0.0,0.5,27.32,0.0,2.111111111111111,0.46153846153846156,4.276595744680852,10.363636363636362,0.0,1.2222222222222223,20.833333333333336,0.0,3.0952380952380953,high,low,low,low,low,neither,low,low,high,low,low,120,2172,meat,False
30,litchi,147.31,169086,"Litchis, raw",169087,"Litchis, dried",168564,"Radicchio, raw",169994,"Chives, raw",169230,"Garlic, raw",167782,"Abiyuch, raw",169990,"Celtuce, raw",172420,"Lentils, raw",168462,"Spinach, raw",174483,"Ostrich, fan, raw",169086,"Litchis, raw",claude_proposed,raw/plain form chosen,0.83,1.3,5.0,0.31,10.0,171.0,0.07,0.0,71.5,14.0,0.0,1.66,4.642857142857143,1.7222222222222223,0.38461538461538464,3.638297872340426,0.6363636363636364,79.44444444444444,0.0,0.0,3.5000000000000004,2.380952380952381,low,low,low,low,low,low,high,low,low,low,low,33,12,fruit,False
41,soybean,148.33,169282,"Soybeans, green, raw",174270,"Soybeans, mature seeds, raw",169284,"Soybeans, mature seeds, sprouted, raw",169083,"Soybean, curd cheese",172441,"Soybeans, mature seeds, dry roasted",172440,"Soybeans, mature seeds, roasted, salted",174300,"Soybeans, mature seeds, roasted, no salt added",174271,"Soybeans, mature cooked, boiled, without salt",174299,"Soybeans, mature seeds, cooked, boiled, with salt",168460,"Soybeans, mature seeds, sprouted, cooked, steamed",174270,"Soybeans, mature seeds, raw",claude_proposed,raw/plain form chosen,36.49,9.3,277.0,15.7,280.0,1797.0,4.89,1.0,6.0,375.0,0.0,72.98,33.214285714285715,87.22222222222223,21.307692307692307,38.234042553191486,44.45454545454545,6.666666666666667,0.1111111111111111,0.0,93.75,66.66666666666666,high,high,high,high,high,high,low,low,low,high,high,160,1197,vegetable,False
46,blueberry,100.0,171711,"Blueberries, raw",170432,"Pokeberry shoots, (poke), raw",173946,"Blackberries, raw",171727,"Elderberries, raw",170385,"Butterbur, (fuki), raw",169988,"Celery, raw",170284,"Barley, pearled, raw",168158,"Blueberries, dried, sweetened",173951,"Blueberries, frozen, sweetened",168179,"Blueberries, canned, light syrup, drained",171711,"Blueberries, raw",claude_proposed,raw/plain form chosen,0.74,2.4,6.0,0.28,6.0,77.0,0.16,3.0,9.7,6.0,0.0,1.48,8.571428571428571,1.5555555555555556,0.46153846153846156,1.6382978723404256,1.4545454545454546,10.777777777777777,0.33333333333333337,0.0,1.5,1.4285714285714286,low,low,low,low,low,low,neither,low,low,low,low,64,467,fruit,False
51,pecan,86.67,170419,"Peas, green, raw",174263,"Peanuts, spanish, raw",172432,"Peanuts, valencia, raw",172434,"Peanuts, virginia, raw",172430,"Peanuts, all types, raw",170010,"Peas, edible-podded, raw",170422,"Peas, mature seeds, sprouted, raw",172428,"Peas, green, split, mature seeds, raw",174473,"Pheasant, raw, meat only",174472,"Pheasant, raw, meat and skin",170182,"Nuts, pecans",claude_proposed,raw/plain form chosen,9.17,9.6,70.0,2.53,121.0,410.0,4.53,3.0,1.1,22.0,0.0,18.34,34.285714285714285,14.055555555555554,5.384615384615385,8.72340425531915,41.18181818181819,1.2222222222222223,0.33333333333333337,0.0,5.5,28.809523809523807,neither,high,neither,low,low,high,low,low,low,low,high,48,2178,nut/seed/pulse,False
57,smoked_sausage,81.54,169410,"Seeds, sesame butter, tahini, from raw and stone ground kernels",172934,"Pork sausage, link/patty, unprepared",171635,"Pork sausage, link/patty, reduced fat, unprepared",171618,Blood sausage,173859,"Sausage, pork, chorizo, link or ground, raw",170496,"Seaweed, wakame, raw",169282,"Soybeans, green, raw",174617,"Sausage, turkey, fresh, raw",174600,"Sausage, turkey, breakfast links, mild, raw",173882,"Pork sausage, reduced sodium, cooked",172934,"Pork sausage, link/patty, unprepared",claude_proposed,smoked sausage approximated by pork sausage,15.39,0.0,8.0,1.02,15.0,307.0,2.01,27.0,0.0,2.0,0.92,30.78,0.0,5.666666666666667,0.6153846153846154,6.531914893617022,18.27272727272727,0.0,3.0,38.333333333333336,0.5,3.571428571428571,high,low,low,low,low,neither,low,low,high,low,low,48,268,meat,False
64,honey,135.0,172943,"Honey roll sausage, beef",169103,"Orange peel, raw",167791,Horned melon (Kiwano),169993,"Chicory roots, raw",170402,"Chayote, fruit, raw",169992,"Chicory greens, raw",170404,"Chicory, witloof, raw",169918,"Oranges, raw, Florida",169919,"Oranges, raw, with peel",172445,"Soy meal, defatted, raw",169640,Honey,claude_proposed,raw/plain form chosen,0.3,0.2,6.0,0.42,2.0,52.0,0.22,0.0,0.5,2.0,0.0,0.6,0.7142857142857143,2.333333333333333,0.46153846153846156,1.1063829787234043,2.0,0.5555555555555556,0.0,0.0,0.5,0.4761904761904762,low,low,low,low,low,low,low,low,low,low,low,55,2558,animal product,False
69,cottage_cheese,88.97,169979,"Cabbage, chinese (pe-tsai), raw",170390,"Cabbage, chinese (pak-choi), raw",169103,"Orange peel, raw",169404,"Broccoli, chinese, raw",170069,"Waxgourd, (chinese preserving melon), raw",169220,"Cowpeas (blackeyes), immature seeds, raw",170026,"Potatoes, flesh and skin, raw",170028,"Potatoes, white, flesh and skin, raw",170066,"Waterchestnuts, chinese, (matai), raw",174975,"Crackers, cheese, regular",172179,"Cheese, cottage, creamed, large or small curd",claude_proposed,raw/plain form chosen,11.12,0.0,83.0,0.07,8.0,104.0,0.4,37.0,0.0,12.0,0.43,22.24,0.0,0.3888888888888889,6.384615384615384,2.2127659574468086,3.6363636363636367,0.0,4.111111111111112,17.916666666666668,3.0,1.9047619047619049,high,low,low,low,low,low,low,low,neither,low,low,131,348,dairy,False
88,orange_juice,155.0,169098,"Orange juice, raw (Includes foods for USDA's Food Distribution Program)",169099,"Orange juice, canned, unsweetened",169100,"Orange juice, chilled, includes from concentrate",169923,"Orange juice, frozen concentrate, unsweetened, undiluted",169920,"Orange juice, chilled, includes from concentrate, with added calcium",169102,"Orange juice, frozen concentrate, unsweetened, diluted with 3 volume water",169922,"Orange juice, frozen concentrate, unsweetened, undiluted, with added calcium",169101,"Orange juice, chilled, includes from concentrate, with added calcium and vitamin D",167794,"Orange juice, chilled, includes from concentrate, with added calcium and vitamins A, D, E",169921,"Orange juice, frozen concentrate, unsweetened, diluted with 3 volume water, with added calcium",169098,"Orange juice, raw (Includes foods for USDA's Food Distribution Program)",claude_proposed,raw/plain form chosen,0.7,0.2,11.0,0.2,11.0,200.0,0.05,10.0,50.0,30.0,0.0,1.4,0.7142857142857143,1.1111111111111112,0.8461538461538461,4.25531914893617,0.4545454545454546,55.55555555555556,1.1111111111111112,0.0,7.5,2.619047619047619,low,low,low,low,low,low,high,low,low,low,low,54,1728,fruit,False
93,roasted_sesame_seed,83.33,169416,"Seeds, sesame seed kernels, toasted, with salt added (decorticated)",170152,"Seeds, sesame seed kernels, toasted, without salt added (decorticated)",169410,"Seeds, sesame butter, tahini, from raw and stone ground kernels",170151,"Seeds, sesame seeds, whole, roasted and toasted",170377,"Broadbeans, immature seeds, raw",169412,"Seeds, sesame seed kernels, dried (decorticated)",168591,"Seeds, lotus seeds, raw",170422,"Peas, mature seeds, sprouted, raw",170095,"Radish seeds, sprouted, raw",174270,"Soybeans, mature seeds, raw",170151,"Seeds, sesame seeds, whole, roasted and toasted",claude_proposed,raw/plain form chosen,16.96,14.0,989.0,14.76,356.0,475.0,7.16,0.0,0.0,98.0,0.0,33.92,50.0,82.0,76.07692307692308,10.106382978723403,65.0909090909091,0.0,0.0,0.0,24.5,84.76190476190476,high,high,high,high,neither,high,low,low,low,high,high,24,597,nut/seed/pulse,False
94,avocado,148.33,171707,"Avocados, raw, Florida",171706,"Avocados, raw, California",171705,"Avocados, raw, all commercial varieties",169981,"Cardoon, raw",168150,"Java-plum, (jambolan), raw",169203,"Arrowhead, raw",169991,"Chard, swiss, raw",169210,"Bamboo shoots, raw",173044,"Guavas, common, raw",173045,"Guavas, strawberry, raw",171705,"Avocados, raw, all commercial varieties",claude_proposed,raw/plain form chosen,2.0,6.7,12.0,0.55,29.0,485.0,0.64,7.0,10.0,81.0,0.0,4.0,23.92857142857143,3.055555555555556,0.9230769230769231,10.319148936170212,5.818181818181818,11.11111111111111,0.7777777777777778,0.0,20.25,6.904761904761905,low,high,low,low,neither,low,neither,low,low,high,low,38,662,fruit,False
98,fig,140.71,173021,"Figs, raw",174666,"Figs, dried, stewed",174665,"Figs, dried, uncooked",173022,"Figs, canned, water pack, solids and liquids",173024,"Figs, canned, heavy syrup pack, solids and liquids",173023,"Figs, canned, light syrup pack, solids and liquids",173025,"Figs, canned, extra heavy syrup pack, solids and liquids",168148,"Frog legs, raw",171952,"Fish, carp, raw",171958,"Fish, cusk, raw",173021,"Figs, raw",claude_proposed,raw/plain form chosen,0.75,2.9,35.0,0.37,17.0,232.0,0.15,7.0,2.0,6.0,0.0,1.5,10.357142857142856,2.055555555555556,2.6923076923076925,4.9361702127659575,1.3636363636363635,2.2222222222222223,0.7777777777777778,0.0,1.5,4.0476190476190474,low,neither,low,low,low,low,low,low,low,low,low,41,139,fruit,False
105,bread,135.0,172673,"Bread, egg",172684,"Bread, rye",172686,"Bread, wheat",167944,"Bread, cheese",167943,"Bread, potato",174913,"Bread, Italian",172678,"Bread, oatmeal",171849,"Bread, cinnamon",167532,"Bread, white wheat",172674,"Bread, egg, toasted",172686,"Bread, wheat",claude_proposed,raw/plain form chosen,10.67,4.0,125.0,3.6,41.0,141.0,1.04,0.0,0.2,85.0,0.0,21.34,14.285714285714285,20.0,9.615384615384617,3.0,9.454545454545455,0.2222222222222222,0.0,0.0,21.25,9.761904761904763,high,neither,high,low,low,low,low,low,low,high,low,51,4596,cereal/crop,False
112,rosemary,165.0,173473,"Rosemary, fresh",171333,"Spices, rosemary, dried",170936,"Spices, savory, ground",168171,"Rose-apples, raw",173475,"Spearmint, fresh",170930,"Spices, parsley, dried",168170,"Roselle, raw",170920,"Spices, celery seed",172239,"Spearmint, dried",173469,"Vinegar, cider",173473,"Rosemary, fresh",claude_proposed,raw/plain form chosen,3.31,14.1,317.0,6.65,91.0,668.0,0.93,146.0,21.8,109.0,0.0,6.619999999999999,50.357142857142854,36.94444444444444,24.384615384615387,14.212765957446807,8.454545454545455,24.22222222222222,16.22222222222222,0.0,27.250000000000004,21.666666666666668,low,high,high,high,neither,low,high,neither,low,high,high,28,1893,herb,True
118,black_sesame_seed,72.94,170422,"Peas, mature seeds, sprouted, raw",174270,"Soybeans, mature seeds, raw",169284,"Soybeans, mature seeds, sprouted, raw",170377,"Broadbeans, immature seeds, raw",168384,"Alfalfa seeds, sprouted, raw",172425,"Mothbeans, mature seeds, raw",169416,"Seeds, sesame seed kernels, toasted, with salt added (decorticated)",170152,"Seeds, sesame seed kernels, toasted, without salt added (decorticated)",172423,"Lupins, mature seeds, raw",169410,"Seeds, sesame butter, tahini, from raw and stone ground kernels",170150,"Seeds, sesame seeds, whole, dried",claude_proposed,black sesame approximated by sesame,17.73,11.8,975.0,14.55,351.0,468.0,7.75,0.0,0.0,97.0,0.0,35.46,42.142857142857146,80.83333333333333,75.0,9.957446808510637,70.45454545454545,0.0,0.0,0.0,24.25,83.57142857142857,high,high,high,high,low,high,low,low,low,high,high,18,26,nut/seed/pulse,False
124,roasted_hazelnut,73.33,170552,"Seeds, breadnut tree seeds, raw",168171,"Rose-apples, raw",171427,"Oil, hazelnut",171965,"Fish, halibut, Greenland, raw",174200,"Fish, halibut, Atlantic and Pacific, raw",173782,SILK Hazelnut Creamer,168451,"Radishes, oriental, raw",172845,"Ostrich, tenderloin, raw",170581,"Nuts, hazelnuts or filberts",170582,"Nuts, hazelnuts or filberts, blanched",170581,"Nuts, hazelnuts or filberts",claude_proposed,raw hazelnut used for roasted,14.95,9.7,114.0,4.7,163.0,680.0,2.45,1.0,6.3,113.0,0.0,29.9,34.64285714285714,26.111111111111114,8.76923076923077,14.468085106382977,22.272727272727273,6.999999999999999,0.1111111111111111,0.0,28.249999999999996,38.80952380952381,high,high,high,low,neither,high,low,low,low,high,high,12,1,nut/seed/pulse,False
133,raisin,127.31,168166,"Raisins, seeded",168164,"Raisins, golden, seedless",168165,"Raisins, dark, seedless (Includes foods for USDA's Food Distribution Program)",170095,"Radish seeds, sprouted, raw",169108,"Passion-fruit, (granadilla), purple, raw",169276,"Radishes, raw",168451,"Radishes, oriental, raw",170081,"Radishes, white icicle, raw",175293,"Bison, ground, grass-fed, raw",169109,"Passion-fruit juice, purple, raw",168165,"Raisins, dark, seedless (Includes foods for USDA's Food Distribution Program)",claude_proposed,raw/plain form chosen,3.3,4.5,62.0,1.79,36.0,744.0,0.36,0.0,2.3,5.0,0.0,6.6000000000000005,16.071428571428573,9.944444444444445,4.769230769230769,15.829787234042552,3.2727272727272725,2.5555555555555554,0.0,0.0,1.25,8.571428571428571,low,neither,low,low,neither,low,low,low,low,low,low,22,1905,fruit,False
136,garlic,155.0,169230,"Garlic, raw",167939,"Garlic bread, frozen",171325,"Spices, garlic powder",168879,"Rice, white, medium-grain, raw, enriched",168931,"Rice, white, short-grain, raw, unenriched",169760,"Rice, white, medium-grain, raw, unenriched",168877,"Rice, white, long-grain, regular, raw, enriched",169756,"Rice, white, long-grain, regular, raw, unenriched",169703,"Rice, brown, long-grain, raw (Includes foods for USDA's Food Distribution Program)",169706,"Rice, brown, medium-grain, raw (Includes foods for USDA's Food Distribution Program)",169230,"Garlic, raw",claude_proposed,raw/plain form chosen,6.36,2.1,181.0,1.7,25.0,401.0,1.16,0.0,31.2,3.0,0.0,12.72,7.5,9.444444444444445,13.923076923076923,8.53191489361702,10.545454545454545,34.66666666666667,0.0,0.0,0.75,5.952380952380952,neither,low,low,neither,low,neither,high,low,low,low,low,21,17465,vegetable,False
137,cheddar_cheese,75.17,169979,"Cabbage, chinese (pe-tsai), raw",170390,"Cabbage, chinese (pak-choi), raw",170069,"Waxgourd, (chinese preserving melon), raw",169220,"Cowpeas (blackeyes), immature seeds, raw",169992,"Chicory greens, raw",171719,"Cherries, sweet, raw",169928,"Peaches, yellow, raw",170066,"Waterchestnuts, chinese, (matai), raw",167944,"Bread, cheese",173869,"Liver cheese, pork",173414,"Cheese, cheddar (Includes foods for USDA's Food Distribution Program)",claude_proposed,raw/plain form chosen,22.87,0.0,710.0,0.14,27.0,76.0,3.64,337.0,0.0,27.0,1.1,45.74,0.0,0.7777777777777778,54.61538461538461,1.6170212765957446,33.09090909090909,0.0,37.44444444444445,45.833333333333336,6.75,6.428571428571428,high,low,low,high,low,high,low,high,high,low,low,151,3029,dairy,False
142,tamarind,149.12,167763,"Tamarinds, raw",167786,"Tamarind nectar, canned",170929,"Spices, mustard seed, ground",168385,"Amaranth leaves, raw",172231,"Spices, turmeric, ground",173475,"Spearmint, fresh",170922,"Spices, coriander seed",172234,"Mustard, prepared, yellow",170923,"Spices, cumin seed",169914,"Nectarines, raw",167763,"Tamarinds, raw",claude_proposed,raw/plain form chosen,2.8,5.1,74.0,2.8,92.0,628.0,0.1,2.0,3.5,14.0,0.0,5.6,18.21428571428571,15.555555555555555,5.6923076923076925,13.361702127659575,0.9090909090909092,3.888888888888889,0.2222222222222222,0.0,3.5000000000000004,21.904761904761905,low,neither,neither,low,neither,low,low,low,low,low,high,51,1682,spice,True
152,hazelnut,73.33,174263,"Peanuts, spanish, raw",172432,"Peanuts, valencia, raw",172434,"Peanuts, virginia, raw",172430,"Peanuts, all types, raw",169228,"Eggplant, raw",170499,"Shallots, raw",170157,"Nuts, acorns, raw",170162,"Nuts, cashew nuts, raw",170584,"Nuts, ginkgo nuts, raw",170169,"Nuts, coconut meat, raw",170581,"Nuts, hazelnuts or filberts",claude_proposed,raw/plain form chosen,14.95,9.7,114.0,4.7,163.0,680.0,2.45,1.0,6.3,113.0,0.0,29.9,34.64285714285714,26.111111111111114,8.76923076923077,14.468085106382977,22.272727272727273,6.999999999999999,0.1111111111111111,0.0,28.249999999999996,38.80952380952381,high,high,high,low,neither,high,low,low,low,high,high,10,288,nut/seed/pulse,False
164,ginger,165.0,170926,"Spices, ginger, ground",169231,"Ginger root, raw",169765,"Ginger root, pickled, canned, with artificial sweetener",173469,"Vinegar, cider",172241,"Vinegar, balsamic",172240,"Vinegar, red wine",172237,"Vinegar, distilled",170070,"Winged bean tuber, raw",170478,"Winged bean leaves, raw",174471,"Guinea hen, meat only, raw",169231,"Ginger root, raw",claude_proposed,raw/plain form chosen,1.82,2.0,16.0,0.6,43.0,415.0,0.34,0.0,5.0,11.0,0.0,3.64,7.142857142857142,3.3333333333333335,1.2307692307692308,8.829787234042554,3.090909090909091,5.555555555555555,0.0,0.0,2.75,10.238095238095237,low,low,low,low,low,low,low,low,low,low,neither,86,4396,spice,True
166,mint,96.67,170923,"Spices, cumin seed",173475,"Spearmint, fresh",173474,"Peppermint, fresh",171332,"Spices, pumpkin pie spice",172239,"Spearmint, dried",169702,"Millet, raw",168448,"Pumpkin, raw",169272,"Pumpkin leaves, raw",169270,"Pumpkin flowers, raw",170157,"Nuts, acorns, raw",173475,"Spearmint, fresh",claude_proposed,raw/plain form chosen,3.29,6.8,199.0,11.87,63.0,458.0,1.09,203.0,13.3,105.0,0.0,6.58,24.285714285714285,65.94444444444444,15.307692307692308,9.74468085106383,9.90909090909091,14.777777777777779,22.555555555555557,0.0,26.25,15.0,low,high,high,neither,low,low,neither,high,low,high,neither,45,1030,herb,True
169,goat_cheese,79.26,170069,"Waxgourd, (chinese preserving melon), raw",169979,"Cabbage, chinese (pe-tsai), raw",170390,"Cabbage, chinese (pak-choi), raw",173043,"Groundcherries, (cape-gooseberries or poha), raw",168575,"Grape leaves, raw",170029,"Potatoes, red, flesh and skin, raw",170457,"Tomatoes, red, ripe, raw, year round average",169404,"Broccoli, chinese, raw",169205,"Artichokes, (globe or french), raw",174989,"Croissants, cheese",173435,"Cheese, goat, soft type",claude_proposed,raw/plain form chosen,18.52,0.0,140.0,1.9,16.0,26.0,0.92,288.0,0.0,12.0,0.19,37.04,0.0,10.555555555555555,10.76923076923077,0.5531914893617021,8.363636363636363,0.0,32.0,7.916666666666668,3.0,3.8095238095238098,high,low,neither,neither,low,low,low,high,low,low,low,131,260,dairy,False
180,watercress,155.0,170068,"Watercress, raw",170066,"Waterchestnuts, chinese, (matai), raw",168407,"Cress, garden, raw",169301,"Water convolvulus,raw",167765,"Watermelon, raw",171722,"Cranberries, raw",167755,"Raspberries, raw",171719,"Cherries, sweet, raw",173954,"Cherries, sour, red, raw",173946,"Blackberries, raw",170068,"Watercress, raw",claude_proposed,raw/plain form chosen,2.3,0.5,120.0,0.2,21.0,330.0,0.11,160.0,43.0,9.0,0.0,4.6,1.7857142857142856,1.1111111111111112,9.230769230769232,7.021276595744681,1.0,47.77777777777778,17.77777777777778,0.0,2.25,5.0,low,low,low,low,low,low,high,neither,low,low,low,13,150,vegetable,False
184,macadamia_nut,86.67,170178,"Nuts, macadamia nuts, raw",173952,"Carissa, (natal-plum), raw",171715,"Carambola, (starfruit), raw",168598,"Nuts, macadamia nuts, dry roasted, with salt added",170179,"Nuts, macadamia nuts, dry roasted, without salt added",169997,"Coriander (cilantro) leaves, raw",170073,"Yambean (jicama), raw",171631,"Sausage, Italian, pork, mild, raw",173849,"Veal, Australian, separable fat, raw",174682,"Grapes, american type (slip skin), raw",170178,"Nuts, macadamia nuts, raw",claude_proposed,raw/plain form chosen,7.91,8.6,85.0,3.69,130.0,368.0,1.3,0.0,1.2,11.0,0.0,15.82,30.71428571428571,20.5,6.538461538461539,7.829787234042553,11.818181818181818,1.3333333333333333,0.0,0.0,2.75,30.952380952380953,neither,high,high,low,low,neither,low,low,low,low,high,18,103,nut/seed/pulse,False
187,pineapple,155.0,169124,"Pineapple, raw, all varieties",168194,"Pineapple, raw, extra sweet variety",168193,"Pineapple, raw, traditional varieties",169946,"Pineapple, frozen, chunks, sweetened",169125,"Pineapple, canned, water pack, solids and liquids",169944,"Pineapple, canned, heavy syrup pack, solids and liquids",169127,"Pineapple, canned, light syrup pack, solids and liquids",169945,"Pineapple, canned, extra heavy syrup pack, solids and liquids",167767,"Pineapple, canned, juice pack, drained",169126,"Pineapple, canned, juice pack, solids and liquids",169124,"Pineapple, raw, all varieties",claude_proposed,raw/plain form chosen,0.54,1.4,13.0,0.29,12.0,109.0,0.12,3.0,47.8,18.0,0.0,1.08,5.0,1.6111111111111112,1.0,2.319148936170213,1.0909090909090908,53.11111111111111,0.33333333333333337,0.0,4.5,2.857142857142857,low,low,low,low,low,low,high,low,low,low,low,110,1638,fruit,False
194,sage,165.0,170935,"Spices, sage, ground",168007,"Sage Valley, Gluten Free Vanilla Sandwich Cookies",174617,"Sausage, turkey, fresh, raw",171631,"Sausage, Italian, pork, mild, raw",173859,"Sausage, pork, chorizo, link or ground, raw",174600,"Sausage, turkey, breakfast links, mild, raw",170481,"Borage, raw",173468,"Salt, table",169103,"Orange peel, raw",167760,"Sapote, mamey, raw",170935,"Spices, sage, ground",claude_proposed,raw/plain form chosen,10.63,40.3,1652.0,28.12,428.0,1070.0,4.7,295.0,32.4,274.0,0.0,21.26,143.92857142857142,156.22222222222223,127.0769230769231,22.76595744680851,42.727272727272734,36.0,32.77777777777778,0.0,68.5,101.9047619047619,high,high,high,high,high,high,high,high,low,high,high,13,904,herb,True
196,fennel,165.0,171323,"Spices, fennel seed",169385,"Fennel, bulb, raw",171324,"Spices, fenugreek seed",168412,"Endive, raw",172243,"Seasoning mix, dry, taco, original",173476,"Seasoning mix, dry, chili, original",172242,"Seasoning mix, dry, sazon, coriander & annatto",168195,"Clementines, raw",171316,"Spices, anise seed",172420,"Lentils, raw",169385,"Fennel, bulb, raw",claude_proposed,raw/plain form chosen,1.24,3.1,49.0,0.73,17.0,414.0,0.2,48.0,12.0,27.0,0.0,2.48,11.071428571428573,4.055555555555555,3.769230769230769,8.808510638297873,1.8181818181818183,13.333333333333334,5.333333333333334,0.0,6.75,4.0476190476190474,low,neither,low,low,low,low,neither,low,low,low,low,18,913,herb,True
202,celery,155.0,169988,"Celery, raw",170920,"Spices, celery seed",169342,"Celery, cooked, boiled, drained, with salt",169989,"Celery, cooked, boiled, drained, without salt",170400,"Celeriac, raw",169990,"Celtuce, raw",173953,"Cherimoya, raw",170432,"Pokeberry shoots, (poke), raw",169394,"Pepper, banana, raw",170284,"Barley, pearled, raw",169988,"Celery, raw",claude_proposed,raw/plain form chosen,0.69,1.6,40.0,0.2,11.0,260.0,0.13,22.0,3.1,36.0,0.0,1.38,5.714285714285714,1.1111111111111112,3.076923076923077,5.531914893617021,1.1818181818181819,3.4444444444444446,2.4444444444444446,0.0,9.0,2.619047619047619,low,low,low,low,low,low,low,low,low,low,low,54,3634,vegetable,False
204,mung_bean,149.74,174256,"Mung beans, mature seeds, raw",169957,"Mung beans, mature seeds, sprouted, raw",175255,"Mung beans, mature seeds, cooked, boiled, with salt",174257,"Mung beans, mature seeds, cooked, boiled, without salt",169138,"Mung beans, mature seeds, sprouted, cooked, stir-fried",168499,"Mung beans, mature seeds, sprouted, cooked, boiled, drained, with salt",169137,"Mung beans, mature seeds, sprouted, cooked, boiled, drained, without salt",174259,"Mungo beans, mature seeds, raw",170070,"Winged bean tuber, raw",170478,"Winged bean leaves, raw",174256,"Mung beans, mature seeds, raw",claude_proposed,raw/plain form chosen,23.86,16.3,132.0,6.74,189.0,1246.0,2.68,6.0,4.8,625.0,0.0,47.72,58.214285714285715,37.44444444444445,10.153846153846153,26.51063829787234,24.363636363636367,5.333333333333333,0.6666666666666667,0.0,156.25,45.0,high,high,high,neither,high,high,low,low,low,high,high,86,24,vegetable,False
205,rice,155.0,168879,"Rice, white, medium-grain, raw, enriched",168931,"Rice, white, short-grain, raw, unenriched",169760,"Rice, white, medium-grain, raw, unenriched",168877,"Rice, white, long-grain, regular, raw, enriched",169756,"Rice, white, long-grain, regular, raw, unenriched",169703,"Rice, brown, long-grain, raw (Includes foods for USDA's Food Distribution Program)",169706,"Rice, brown, medium-grain, raw (Includes foods for USDA's Food Distribution Program)",168876,"Rice, brown, parboiled, dry, UNCLE BEN'S",169712,"Rice, white, steamed, Chinese restaurant",168883,"Rice, white, glutinous, unenriched, uncooked",168877,"Rice, white, long-grain, regular, raw, enriched",claude_proposed,raw/plain form chosen,7.13,1.3,28.0,4.31,25.0,115.0,1.09,0.0,0.0,231.0,0.0,14.26,4.642857142857143,23.944444444444443,2.1538461538461537,2.4468085106382977,9.90909090909091,0.0,0.0,0.0,57.75,5.952380952380952,neither,low,high,low,low,low,low,low,low,high,low,74,3888,cereal/crop,False
207,sour_milk,78.82,172445,"Soy meal, defatted, raw",173675,"Fish, milkfish, raw",167761,"Soursop, raw",168414,"Gourd, dishcloth (towelgourd), raw",169232,"Gourd, white-flowered (calabash), raw",171106,"Poultry, mechanically deboned, from mature hens, raw",171104,"Poultry, mechanically deboned, from backs and necks with skin, raw",171105,"Poultry, mechanically deboned, from backs and necks without skin, raw",171136,"Turkey, drumstick, from whole bird, meat only, raw",171525,"Turkey, drumstick, from whole bird, meat only, with added solution, raw",170874,"Milk, buttermilk, fluid, cultured, lowfat",claude_proposed,sour milk approximated by buttermilk,3.31,0.0,116.0,0.05,11.0,151.0,0.42,14.0,1.0,5.0,0.22,6.619999999999999,0.0,0.2777777777777778,8.923076923076923,3.2127659574468086,3.818181818181818,1.1111111111111112,1.5555555555555556,9.166666666666668,1.25,2.619047619047619,low,low,low,low,low,low,low,low,low,low,low,12,46,dairy,False
210,watermelon,155.0,167765,"Watermelon, raw",169301,"Water convolvulus,raw",169093,"Melons, casaba, raw",169911,"Melons, honeydew, raw",169092,"Melons, cantaloupe, raw",170068,"Watercress, raw",170066,"Waterchestnuts, chinese, (matai), raw",169222,"Yardlong bean, raw",174281,"Yardlong beans, mature seeds, raw",167749,"Lemon peel, raw",167765,"Watermelon, raw",claude_proposed,raw/plain form chosen,0.61,0.4,7.0,0.24,10.0,112.0,0.1,28.0,8.1,3.0,0.0,1.22,1.4285714285714286,1.3333333333333333,0.5384615384615384,2.382978723404255,0.9090909090909092,9.0,3.111111111111111,0.0,0.75,2.380952380952381,low,low,low,low,low,low,low,low,low,low,low,11,110,fruit,False
211,sheep_cheese,79.26,175144,"Fish, sheepshead, raw",169410,"Seeds, sesame butter, tahini, from raw and stone ground kernels",170375,"Beet greens, raw",169979,"Cabbage, chinese (pe-tsai), raw",170390,"Cabbage, chinese (pak-choi), raw",171541,"Soup, cheese, canned, condensed",170095,"Radish seeds, sprouted, raw",174193,"Fish, eel, mixed species, raw",175142,"Fish, sea bass, mixed species, raw",168422,"Mushrooms, Chanterelle, raw",173420,"Cheese, feta",claude_proposed,sheep cheese approximated by feta,14.21,0.0,493.0,0.65,19.0,62.0,2.88,125.0,0.0,32.0,1.69,28.42,0.0,3.6111111111111116,37.92307692307692,1.3191489361702127,26.18181818181818,0.0,13.88888888888889,70.41666666666667,8.0,4.523809523809524,high,low,low,high,low,high,low,neither,high,low,low,130,2,dairy,False
230,yogurt,135.0,170886,"Yogurt, plain, low fat",170887,"Yogurt, plain, skim milk",170906,"Yogurt, vanilla, non-fat",171284,"Yogurt, plain, whole milk",170888,"Yogurt, vanilla, low fat.",170903,"Yogurt, Greek, plain, lowfat",169898,"Yogurt, fruit variety, nonfat",170907,"Yogurt, Greek, vanilla, lowfat",170902,"Yogurt, Greek, vanilla, nonfat",172208,"Yogurt, chocolate, nonfat milk",171284,"Yogurt, plain, whole milk",claude_proposed,raw/plain form chosen,3.47,0.0,121.0,0.05,12.0,155.0,0.59,27.0,0.5,7.0,0.37,6.94,0.0,0.2777777777777778,9.307692307692307,3.2978723404255317,5.363636363636363,0.5555555555555556,3.0,15.416666666666668,1.7500000000000002,2.857142857142857,low,low,low,low,low,low,low,low,neither,low,low,37,1057,dairy,False
231,lemon_peel,155.0,167749,"Lemon peel, raw",169103,"Orange peel, raw",167746,"Lemons, raw, without peel",167747,"Lemon juice, raw",168573,"Lemon grass (citronella), raw",172436,"Pigeon peas (red gram), mature seeds, raw",169941,"Persimmons, japanese, raw",170284,"Barley, pearled, raw",168538,"Corn, sweet, white, raw",169998,"Corn, sweet, yellow, raw",167749,"Lemon peel, raw",claude_proposed,raw/plain form chosen,1.5,10.6,134.0,0.8,15.0,160.0,0.25,3.0,129.0,13.0,0.0,3.0,37.857142857142854,4.444444444444445,10.307692307692308,3.404255319148936,2.272727272727273,143.33333333333334,0.33333333333333337,0.0,3.25,3.571428571428571,low,high,low,neither,low,low,high,low,low,low,low,26,729,plant,False
236,ham,135.0,173865,"Ham, minced",173866,Ham salad spread,171629,Ham and cheese spread,171628,Ham and cheese loaf or roll,173881,"Ham, smoked, extra lean, low sodium",173864,"Ham, sliced, regular (approximately 11% fat)",168092,"Ham, turkey, sliced, extra lean, prepackaged or deli",173863,"Ham, sliced, pre-packaged, deli meat (96%fat free, water added)",171626,"Ham, chopped, canned",171627,"Ham, chopped, not canned",167875,"Pork, cured, ham, whole, separable lean and fat, unheated",claude_proposed,raw/plain form chosen,18.49,0.0,7.0,0.71,15.0,310.0,1.76,0.0,34.9,1.0,0.74,36.98,0.0,3.944444444444444,0.5384615384615384,6.595744680851063,16.0,38.77777777777778,0.0,30.833333333333336,0.25,3.571428571428571,high,low,low,low,low,neither,high,low,high,low,low,47,1302,meat,False
238,cod,77.14,168538,"Corn, sweet, white, raw",169998,"Corn, sweet, yellow, raw",170406,"Collards, raw",169219,"Cornsalad, raw",169991,"Chard, swiss, raw",169997,"Coriander (cilantro) leaves, raw",168414,"Gourd, dishcloth (towelgourd), raw",169232,"Gourd, white-flowered (calabash), raw",173860,"Corned beef loaf, jellied",173634,"Canada Goose, breast meat only, skinless, raw",171955,"Fish, cod, Atlantic, raw",claude_proposed,raw/plain form chosen,17.81,0.0,16.0,0.38,32.0,413.0,0.45,12.0,1.0,7.0,0.91,35.62,0.0,2.111111111111111,1.2307692307692308,8.787234042553191,4.090909090909091,1.1111111111111112,1.3333333333333335,37.91666666666667,1.7500000000000002,7.6190476190476195,high,low,low,low,low,low,low,low,high,low,low,65,181,fish/seafood,False
248,beef,155.0,168608,"Beef, grass-fed, ground, raw",168605,"Beef, retail cuts, separable fat, raw",170199,"Beef, cured, corned beef, brisket, raw",174726,"Beef, New Zealand, imported, inside, raw",173110,"Beef, ground, 93% lean meat / 7% fat, raw",171790,"Beef, ground, 95% lean meat / 5% fat, raw",173111,"Beef, ground, 97% lean meat / 3% fat, raw",168652,"Beef, ground, 70% lean meat / 30% fat, raw",174037,"Beef, ground, 75% lean meat / 25% fat, raw",174036,"Beef, ground, 80% lean meat / 20% fat, raw",174036,"Beef, ground, 80% lean meat / 20% fat, raw",claude_proposed,raw/plain form chosen,17.17,0.0,18.0,1.94,17.0,270.0,4.18,4.0,0.0,7.0,2.14,34.34,0.0,10.777777777777779,1.3846153846153846,5.74468085106383,37.99999999999999,0.0,0.4444444444444444,89.16666666666667,1.7500000000000002,4.0476190476190474,high,low,neither,low,low,high,low,low,high,low,low,199,4946,meat,False
249,shiitake,73.33,171116,"Chicken, ground, raw",174465,"Chicken, capons, giblets, raw",173641,"Chicken, stewing, giblets, raw",172396,"Chicken, roasting, giblets, raw",171458,"Chicken, heart, all classes, raw",171060,"Chicken, liver, all classes, raw",172402,"Chicken, stewing, meat only, raw",173636,"Chicken, roasting, meat only, raw",171456,"Chicken, gizzard, all classes, raw",173645,"Chicken, capons, meat and skin, raw",169242,"Mushrooms, shiitake, raw",claude_proposed,raw/plain form chosen,2.24,2.5,2.0,0.41,20.0,304.0,1.03,,,13.0,,4.48,8.928571428571429,2.2777777777777777,0.15384615384615385,6.468085106382978,9.363636363636365,,,,3.25,4.761904761904762,low,low,low,low,low,low,,,,low,low,119,595,vegetable,False
251,parsley,158.0,170930,"Spices, parsley, dried",170416,"Parsley, fresh",170486,"Parsley, freeze-dried",170284,"Barley, pearled, raw",169118,"Pears, raw",169274,"Purslane, raw",168177,"Pears, asian, raw",167777,"Pears, raw, red anjou",167778,"Pears, raw, bosc (Includes foods for USDA's Food Distribution Program)",167776,"Pears, raw, bartlett (Includes foods for USDA's Food Distribution Program)",170416,"Parsley, fresh",claude_proposed,raw/plain form chosen,2.97,3.3,138.0,6.2,50.0,554.0,1.07,421.0,133.0,152.0,0.0,5.94,11.785714285714285,34.44444444444444,10.615384615384615,11.787234042553193,9.727272727272727,147.77777777777777,46.77777777777778,0.0,38.0,11.904761904761903,low,neither,high,neither,neither,low,high,high,low,high,neither,22,5579,herb,True
254,grapefruit,155.0,173034,"Grapefruit, raw, white, Florida",174676,"Grapefruit, raw, white, all areas",174677,"Grapefruit, raw, white, California",174675,"Grapefruit, raw, pink and red, Florida",174673,"Grapefruit, raw, pink and red, all areas",173033,"Grapefruit, raw, pink and red and white, all areas",174674,"Grapefruit, raw, pink and red, California and Arizona",167774,"Grapefruit juice, pink, raw",173039,"Grapefruit juice, white, raw",173038,"Grapefruit juice, pink or red, with added calcium",173033,"Grapefruit, raw, pink and red and white, all areas",claude_proposed,raw/plain form chosen,0.63,1.1,12.0,0.09,8.0,139.0,0.07,46.0,34.4,10.0,0.0,1.26,3.9285714285714293,0.5,0.9230769230769231,2.9574468085106385,0.6363636363636364,38.22222222222222,5.111111111111112,0.0,2.5,1.9047619047619049,low,low,low,low,low,low,high,low,low,low,low,57,121,fruit,False
256,basil,165.0,172232,"Basil, fresh",171317,"Spices, basil, dried",173471,Vanilla extract,170917,"Spices, bay leaf",172419,"Quail, meat only, raw",169961,"Beans, snap, green, raw",168574,"Beans, fava, in pod, raw",169320,"Beans, snap, yellow, raw",172418,"Quail, meat and skin, raw",172829,"Quail, breast, meat only, raw",172232,"Basil, fresh",claude_proposed,raw/plain form chosen,3.15,1.6,177.0,3.17,64.0,295.0,0.81,264.0,18.0,68.0,0.0,6.3,5.714285714285714,17.61111111111111,13.615384615384615,6.276595744680851,7.363636363636364,20.0,29.333333333333332,0.0,17.0,15.238095238095239,low,low,neither,neither,low,low,high,high,low,neither,neither,23,3845,herb,True
257,kelp,70.0,168421,"Kale, raw",175290,"Veal, ground, raw",174884,"Veal, seam fat only, raw",174882,"Veal, external fat only, raw",173828,"Veal, rib, separable lean only, raw",173849,"Veal, Australian, separable fat, raw",173826,"Veal, loin, separable lean only, raw",172645,"Veal, shank, separable lean only, raw",175275,"Veal, rib, separable lean and fat, raw",173823,"Veal, loin, separable lean and fat, raw",168457,"Seaweed, kelp, raw",claude_proposed,raw/plain form chosen,1.68,1.3,168.0,2.85,121.0,89.0,1.23,6.0,3.0,180.0,0.0,3.36,4.642857142857143,15.833333333333332,12.923076923076923,1.8936170212765957,11.181818181818182,3.3333333333333335,0.6666666666666667,0.0,45.0,28.809523809523807,low,low,neither,neither,low,neither,low,low,low,high,high,11,179,vegetable,False
258,roasted_beef,90.91,174597,Roast beef spread,174570,"Roast beef, deli style, prepackaged, sliced",170456,"Tomatoes, green, raw",169103,"Orange peel, raw",168171,"Rose-apples, raw",170010,"Peas, edible-podded, raw",175205,"Broadbeans (fava beans), mature seeds, raw",171400,"Fat, beef tallow",168575,"Grape leaves, raw",167745,"Turtle, green, raw",174036,"Beef, ground, 80% lean meat / 20% fat, raw",claude_proposed,raw beef used for roasted,17.17,0.0,18.0,1.94,17.0,270.0,4.18,4.0,0.0,7.0,2.14,34.34,0.0,10.777777777777779,1.3846153846153846,5.74468085106383,37.99999999999999,0.0,0.4444444444444444,89.16666666666667,1.7500000000000002,4.0476190476190474,high,low,neither,low,low,high,low,low,high,low,low,216,228,meat,False
260,mushroom,155.0,169376,"Mushroom, white, exposed to ultraviolet light, raw",169382,"Mushrooms, enoki, raw",168423,"Mushrooms, morel, raw",169251,"Mushrooms, white, raw",168580,"Mushrooms, oyster, raw",169403,"Mushrooms, maitake, raw",169242,"Mushrooms, shiitake, raw",169255,"Mushrooms, portabella, raw",168422,"Mushrooms, Chanterelle, raw",168434,"Mushrooms, brown, italian, or crimini, raw",169251,"Mushrooms, white, raw",claude_proposed,raw/plain form chosen,3.09,1.0,3.0,0.5,9.0,318.0,0.52,0.0,2.1,17.0,0.04,6.18,3.571428571428571,2.7777777777777777,0.23076923076923078,6.765957446808511,4.7272727272727275,2.3333333333333335,0.0,1.6666666666666667,4.25,2.142857142857143,low,low,low,low,low,low,low,low,low,low,low,117,3379,vegetable,False
261,baked_potato,86.67,169303,"Sweet potato leaves, raw",168482,"Sweet potato, raw, unprepared (Includes foods for USDA's Food Distribution Program)",167943,"Bread, potato",174772,"Beef, bottom sirloin, tri-tip roast, separable lean only, trimmed to 0"" fat, choice, raw",173124,"Beef, bottom sirloin, tri-tip roast, separable lean only, trimmed to 0"" fat, select, raw",168736,"Beef, bottom sirloin, tri-tip roast, separable lean and fat, trimmed to 0"" fat, choice, raw",169559,"Beef, bottom sirloin, tri-tip roast, separable lean and fat, trimmed to 0"" fat, select, raw",174770,"Beef, bottom sirloin, tri-tip roast, separable lean only, trimmed to 0"" fat, all grades, raw",168734,"Beef, bottom sirloin, tri-tip roast, separable lean and fat, trimmed to 0"" fat, all grades, raw",172137,"Beef, plate steak, boneless, inside skirt, separable lean only, trimmed to 0"" fat, choice, raw",170026,"Potatoes, flesh and skin, raw",claude_proposed,raw potato used for baked,2.05,2.1,12.0,0.81,23.0,425.0,0.3,0.0,19.7,15.0,0.0,4.1,7.5,4.500000000000001,0.9230769230769231,9.042553191489363,2.727272727272727,21.88888888888889,0.0,0.0,3.75,5.476190476190476,low,low,low,low,low,low,high,low,low,low,low,127,9,vegetable,False
289,papaya,147.31,169926,"Papayas, raw",169107,"Papaya nectar, canned",169927,"Papaya, canned, heavy syrup, drained",170078,"Eppaw, raw",168389,"Asparagus, raw",168106,Papad,173634,"Canada Goose, breast meat only, skinless, raw",173944,"Bananas, raw",169985,"Cassava, raw",168384,"Alfalfa seeds, sprouted, raw",169926,"Papayas, raw",claude_proposed,raw/plain form chosen,0.47,1.7,20.0,0.25,21.0,182.0,0.08,47.0,60.9,37.0,0.0,0.9399999999999998,6.071428571428571,1.3888888888888888,1.5384615384615385,3.872340425531915,0.7272727272727273,67.66666666666666,5.222222222222222,0.0,9.25,5.0,low,low,low,low,low,low,high,low,low,low,low,119,57,fruit,False
296,tuna,80.0,170061,"Turnip greens, raw",174471,"Guinea hen, meat only, raw",172416,"Guinea hen, meat and skin, raw",170465,"Turnips, raw",169129,"Pitanga, (surinam-cherry), raw",169308,"Taro, raw",168487,"Taro leaves, raw",168489,"Taro shoots, raw",169310,"Taro, tahitian, raw",168432,"Mountain yam, hawaii, raw",175159,"Fish, tuna, fresh, yellowfin, raw",claude_proposed,raw/plain form chosen,24.4,0.0,4.0,0.77,35.0,441.0,0.37,18.0,0.0,2.0,2.08,48.8,0.0,4.277777777777778,0.3076923076923077,9.382978723404255,3.3636363636363638,0.0,2.0,86.66666666666667,0.5,8.333333333333332,high,low,low,low,low,low,low,low,high,low,low,85,463,fish/seafood,False
298,butter,135.0,173410,"Butter, salted",173430,"Butter, without salt",173412,"Butter oil, anhydrous",170385,"Butterbur, (fuki), raw",173411,"Butter, whipped, with salt",171314,"Butter, Clarified butter (ghee)",173581,"Butter, light, stick, with salt",172344,"Butter, light, stick, without salt",169894,"Butter replacement, without fat, powder",170387,"Butterbur, canned",173410,"Butter, salted",claude_proposed,raw/plain form chosen,0.85,0.0,24.0,0.02,2.0,24.0,0.09,684.0,0.0,3.0,0.17,1.7000000000000002,0.0,0.1111111111111111,1.8461538461538463,0.5106382978723404,0.8181818181818181,0.0,76.0,7.083333333333335,0.75,0.4761904761904762,low,low,low,low,low,low,low,high,low,low,low,140,20814,dairy,False
302,orange_peel,155.0,169103,"Orange peel, raw",167749,"Lemon peel, raw",169918,"Oranges, raw, Florida",169919,"Oranges, raw, with peel",169916,"Oranges, raw, California, valencias",169097,"Oranges, raw, all commercial varieties",169917,"Oranges, raw, navels (Includes foods for USDA's Food Distribution Program)",169098,"Orange juice, raw (Includes foods for USDA's Food Distribution Program)",170481,"Borage, raw",168538,"Corn, sweet, white, raw",169103,"Orange peel, raw",claude_proposed,raw/plain form chosen,1.5,10.6,161.0,0.8,22.0,212.0,0.25,21.0,136.0,30.0,0.0,3.0,37.857142857142854,4.444444444444445,12.384615384615385,4.51063829787234,2.272727272727273,151.11111111111111,2.3333333333333335,0.0,7.5,5.238095238095238,low,high,low,neither,low,low,high,low,low,low,low,28,596,plant,False
309,cherry,128.0,167807,"Cherry juice, tart",171719,"Cherries, sweet, raw",173954,"Cherries, sour, red, raw",169988,"Celery, raw",173953,"Cherimoya, raw",169993,"Chicory roots, raw",169992,"Chicory greens, raw",170404,"Chicory, witloof, raw",169991,"Chard, swiss, raw",170432,"Pokeberry shoots, (poke), raw",171719,"Cherries, sweet, raw",claude_proposed,raw/plain form chosen,1.06,2.1,13.0,0.36,11.0,222.0,0.07,3.0,7.0,4.0,0.0,2.12,7.5,2.0,1.0,4.723404255319149,0.6363636363636364,7.777777777777778,0.33333333333333337,0.0,1.0,2.619047619047619,low,low,low,low,low,low,low,low,low,low,low,41,1085,fruit,False
327,okra,155.0,169260,"Okra, raw",169262,"Okra, frozen, unprepared",170098,"Okra, cooked, boiled, drained, with salt",169261,"Okra, cooked, boiled, drained, without salt",170099,"Okra, frozen, cooked, boiled, drained, with salt",169263,"Okra, frozen, cooked, boiled, drained, without salt",172452,Okara,170481,"Borage, raw",169103,"Orange peel, raw",169918,"Oranges, raw, Florida",169260,"Okra, raw",claude_proposed,raw/plain form chosen,1.93,3.2,82.0,0.62,57.0,299.0,0.58,36.0,23.0,60.0,0.0,3.8599999999999994,11.428571428571429,3.4444444444444446,6.3076923076923075,6.361702127659575,5.2727272727272725,25.555555555555554,4.0,0.0,15.0,13.571428571428571,low,neither,low,low,low,low,high,low,low,neither,neither,26,102,fruit,False
328,eel,86.67,169385,"Fennel, bulb, raw",170375,"Beet greens, raw",175290,"Veal, ground, raw",174884,"Veal, seam fat only, raw",168608,"Beef, grass-fed, ground, raw",174882,"Veal, external fat only, raw",173828,"Veal, rib, separable lean only, raw",173849,"Veal, Australian, separable fat, raw",173826,"Veal, loin, separable lean only, raw",168605,"Beef, retail cuts, separable fat, raw",174193,"Fish, eel, mixed species, raw",claude_proposed,raw/plain form chosen,18.44,0.0,20.0,0.5,20.0,272.0,1.62,1043.0,1.8,15.0,3.0,36.88,0.0,2.7777777777777777,1.5384615384615385,5.787234042553192,14.727272727272728,2.0,115.88888888888889,125.0,3.75,4.761904761904762,high,low,low,low,low,neither,low,high,high,low,low,65,20,fish/seafood,False
330,bartlett_pear,94.07,170284,"Barley, pearled, raw",168393,"Balsam-pear (bitter gourd), pods, raw",168391,"Balsam-pear (bitter gourd), leafy tips, raw",167750,"Prickly pears, raw",168431,"Lettuce, red leaf, raw",169248,"Lettuce, iceberg (includes crisphead types), raw",168419,"Jute, potherb, raw",167745,"Turtle, green, raw",168421,"Kale, raw",170285,"Barley, pearled, cooked",169118,"Pears, raw",claude_proposed,raw/plain form chosen,0.36,3.1,9.0,0.18,7.0,116.0,0.1,1.0,4.3,7.0,0.0,0.72,11.071428571428573,1.0,0.6923076923076923,2.4680851063829787,0.9090909090909092,4.777777777777778,0.1111111111111111,0.0,1.7500000000000002,1.6666666666666667,low,neither,low,low,low,low,low,low,low,low,low,52,23,fruit,False
338,plum,143.89,169949,"Plums, raw",168162,"Plums, dried (prunes), uncooked",168183,"Plums, canned, heavy syrup, drained",167752,"Plums, dried (prunes), stewed, with added sugar",167751,"Plums, dried (prunes), stewed, without added sugar",169950,"Plums, canned, purple, water pack, solids and liquids",169132,"Plums, canned, purple, heavy syrup pack, solids and liquids",169952,"Plums, canned, purple, light syrup pack, solids and liquids",169133,"Plums, canned, purple, extra heavy syrup pack, solids and liquids",169951,"Plums, canned, purple, juice pack, solids and liquids",169949,"Plums, raw",claude_proposed,raw/plain form chosen,0.7,1.4,6.0,0.17,7.0,157.0,0.1,17.0,9.5,5.0,0.0,1.4,5.0,0.9444444444444444,0.46153846153846156,3.3404255319148937,0.9090909090909092,10.555555555555555,1.8888888888888888,0.0,1.25,1.6666666666666667,low,low,low,low,low,low,neither,low,low,low,low,84,290,fruit,False
376,leek,143.89,169246,"Leeks, (bulb and lower leaf-portion), raw",170485,"Leeks, (bulb and lower-leaf portion), freeze-dried",168535,"Leeks, (bulb and lower leaf-portion), cooked, boiled, drained, with salt",168426,"Leeks, (bulb and lower leaf-portion), cooked, boiled, drained, without salt",168431,"Lettuce, red leaf, raw",169249,"Lettuce, green leaf, raw",169247,"Lettuce, cos or romaine, raw",169248,"Lettuce, iceberg (includes crisphead types), raw",168429,"Lettuce, butterhead (includes boston and bibb types), raw",168421,"Kale, raw",169246,"Leeks, (bulb and lower leaf-portion), raw",claude_proposed,raw/plain form chosen,1.5,1.8,59.0,2.1,28.0,180.0,0.12,83.0,12.0,64.0,0.0,3.0,6.42857142857143,11.666666666666666,4.538461538461538,3.829787234042553,1.0909090909090908,13.333333333333334,9.222222222222221,0.0,16.0,6.666666666666667,low,low,neither,low,low,low,neither,low,low,neither,low,39,426,vegetable,False
385,potato,140.71,170032,"Potatoes, raw, skin",170026,"Potatoes, flesh and skin, raw",170029,"Potatoes, red, flesh and skin, raw",170028,"Potatoes, white, flesh and skin, raw",170027,"Potatoes, russet, flesh and skin, raw (Includes foods for USDA's Food Distribution Program)",170092,Potato pancakes,171608,"Potato soup, instant, dry mix",168446,Potato flour,169269,"Potato salad, home-prepared",170047,"Potato puffs, frozen, unprepared",170026,"Potatoes, flesh and skin, raw",claude_proposed,raw/plain form chosen,2.05,2.1,12.0,0.81,23.0,425.0,0.3,0.0,19.7,15.0,0.0,4.1,7.5,4.500000000000001,0.9230769230769231,9.042553191489363,2.727272727272727,21.88888888888889,0.0,0.0,3.75,5.476190476190476,low,low,low,low,low,low,high,low,low,low,low,97,3561,vegetable,False
396,milk,135.0,170882,"Milk, sheep, fluid",170875,"Milk, low sodium, fluid",167730,"Milk, imitation, non-soy",171279,"Milk, human, mature, fluid",171280,"Milk, indian buffalo, fluid",172225,"Milk, buttermilk, fluid, whole",171273,"Milk, dry, nonfat, calcium reduced",171266,"Milk, producer, fluid, 3.7% milkfat",170910,"Milk, chocolate, lowfat, reduced sugar",170876,"Milk, dry, whole, with added vitamin D",171265,"Milk, whole, 3.25% milkfat, with added vitamin D",claude_proposed,raw/plain form chosen,3.15,0.0,113.0,0.03,10.0,132.0,0.37,46.0,0.0,5.0,0.45,6.3,0.0,0.16666666666666666,8.692307692307692,2.8085106382978724,3.3636363636363638,0.0,5.111111111111112,18.75,1.25,2.380952380952381,low,low,low,low,low,low,low,low,neither,low,low,118,12925,dairy,False
399,grape,155.0,168575,"Grape leaves, raw",173040,"Grapes, muscadine, raw",174682,"Grapes, american type (slip skin), raw",174683,"Grapes, red or green (European type, such as Thompson seedless), raw",169393,"Grape leaves, canned",173034,"Grapefruit, raw, white, Florida",174676,"Grapefruit, raw, white, all areas",174677,"Grapefruit, raw, white, California",174675,"Grapefruit, raw, pink and red, Florida",174673,"Grapefruit, raw, pink and red, all areas",174683,"Grapes, red or green (European type, such as Thompson seedless), raw",claude_proposed,raw/plain form chosen,0.72,0.9,10.0,0.36,7.0,191.0,0.07,3.0,3.2,2.0,0.0,1.44,3.214285714285715,2.0,0.7692307692307693,4.0638297872340425,0.6363636363636364,3.5555555555555554,0.33333333333333337,0.0,0.5,1.6666666666666667,low,low,low,low,low,low,low,low,low,low,low,125,346,fruit,False
401,camembert_cheese,84.52,169979,"Cabbage, chinese (pe-tsai), raw",170390,"Cabbage, chinese (pak-choi), raw",169225,"Cucumber, peeled, raw",170066,"Waterchestnuts, chinese, (matai), raw",170375,"Beet greens, raw",168385,"Amaranth leaves, raw",174975,"Crackers, cheese, regular",175060,"Crackers, cheese, low sodium",167941,"Crackers, cheese, reduced fat",174084,"Crackers, cheese, whole grain",172178,"Cheese, camembert",claude_proposed,raw/plain form chosen,19.8,0.0,388.0,0.33,20.0,187.0,2.38,241.0,0.0,62.0,1.3,39.6,0.0,1.8333333333333333,29.846153846153843,3.9787234042553195,21.636363636363633,0.0,26.77777777777778,54.16666666666667,15.5,4.761904761904762,high,low,low,high,low,high,low,high,high,neither,low,141,12,dairy,False
406,thai_pepper,87.14,170932,"Spices, pepper, red or cayenne",170931,"Spices, pepper, black",170933,"Spices, pepper, white",171316,"Spices, anise seed",171319,"Spices, chili powder",172234,"Mustard, prepared, yellow",173472,"Horseradish, prepared",170106,"Peppers, hot chili, red, raw",170497,"Peppers, hot chili, green, raw",173474,"Peppermint, fresh",170497,"Peppers, hot chili, green, raw",claude_proposed,raw/plain form chosen,2.0,1.5,18.0,1.2,25.0,340.0,0.3,59.0,242.5,23.0,0.0,4.0,5.357142857142857,6.666666666666667,1.3846153846153846,7.234042553191489,2.727272727272727,269.44444444444446,6.555555555555556,0.0,5.75,5.952380952380952,low,low,low,low,low,low,high,low,low,low,low,38,137,spice,True
417,pork,155.0,167812,"Pork, fresh, belly, raw",167902,"Pork, fresh, ground, raw",167811,"Pork, fresh, backfat, raw",168287,"Pork, cured, salt pork, raw",167813,"Pork, fresh, separable fat, raw",169190,"Pork, ground, 96% lean / 4% fat, raw",168372,"Pork, ground, 84% lean / 16% fat, raw",168278,"Pork, cured, breakfast strips, raw or unheated",168219,"Pork, fresh, carcass, separable lean and fat, raw",168299,"Pork, fresh, backribs, separable lean and fat, raw",167818,"Pork, fresh, loin, whole, separable lean and fat, raw",claude_proposed,raw/plain form chosen,19.74,0.0,18.0,0.79,21.0,356.0,1.74,2.0,0.6,1.0,0.53,39.48,0.0,4.388888888888889,1.3846153846153846,7.574468085106383,15.818181818181817,0.6666666666666666,0.2222222222222222,22.083333333333336,0.25,5.0,high,low,low,low,low,neither,low,low,high,low,low,115,2072,meat,False
419,currant,148.33,173964,"Currants, red and white, raw",173963,"Currants, european black, raw",171724,"Currants, zante, dried",170393,"Carrots, raw",168568,"Carrots, baby, raw",168538,"Corn, sweet, white, raw",169998,"Corn, sweet, yellow, raw",168192,"Durian, raw or frozen",169274,"Purslane, raw",168385,"Amaranth leaves, raw",173964,"Currants, red and white, raw",claude_proposed,raw/plain form chosen,1.4,4.3,33.0,1.0,13.0,275.0,0.23,2.0,41.0,8.0,0.0,2.8,15.357142857142856,5.555555555555555,2.5384615384615383,5.851063829787234,2.090909090909091,45.55555555555556,0.2222222222222222,0.0,2.0,3.0952380952380953,low,neither,low,low,low,low,high,low,low,low,low,41,242,fruit,False
422,frankfurter,135.0,172968,"Frankfurter, meat",172964,"Frankfurter, pork",171625,"Frankfurter, turkey",171624,"Frankfurter, chicken",169887,"Frankfurter, meatless",168131,"Frankfurter, low sodium",174614,"Frankfurter, beef, heated",174615,"Frankfurter, meat, heated",167696,"Frankfurter, beef, low fat",173862,"Frankfurter, beef, unheated",173862,"Frankfurter, beef, unheated",claude_proposed,raw/plain form chosen,11.69,0.0,14.0,1.12,11.0,364.0,2.01,3.0,0.0,0.0,0.96,23.38,0.0,6.222222222222222,1.0769230769230769,7.74468085106383,18.27272727272727,0.0,0.33333333333333337,40.0,0.0,2.619047619047619,high,low,low,low,low,neither,low,low,high,low,low,48,37,meat,False
427,corn,155.0,168538,"Corn, sweet, white, raw",169998,"Corn, sweet, yellow, raw",168920,"Corn grain, white",170288,"Corn grain, yellow",170289,"Corn bran, crude",170492,"Corn pudding, home prepared",169748,"Corn flour, whole-grain, white",170290,"Corn flour, whole-grain, yellow",169694,"Corn flour, masa, enriched, white",169749,"Corn flour, yellow, masa, enriched",169998,"Corn, sweet, yellow, raw",claude_proposed,raw/plain form chosen,3.27,2.0,2.0,0.52,37.0,270.0,0.46,9.0,6.8,42.0,0.0,6.54,7.142857142857142,2.8888888888888893,0.15384615384615385,5.74468085106383,4.181818181818182,7.555555555555555,1.0,0.0,10.5,8.80952380952381,low,low,low,low,low,low,low,low,low,neither,low,82,4836,cereal/crop,False
439,cinnamon,165.0,171320,"Spices, cinnamon, ground",167940,"Cinnamon buns, frosted (includes honey buns)",170919,"Spices, cardamom",170922,"Spices, coriander seed",170923,"Spices, cumin seed",169981,"Cardoon, raw",170921,"Spices, coriander leaf, dried",173469,"Vinegar, cider",170934,"Spices, saffron",172241,"Vinegar, balsamic",171320,"Spices, cinnamon, ground",claude_proposed,raw/plain form chosen,3.99,53.1,1002.0,8.32,60.0,431.0,1.83,15.0,3.8,6.0,0.0,7.980000000000001,189.64285714285717,46.22222222222223,77.07692307692308,9.170212765957448,16.636363636363637,4.222222222222222,1.6666666666666667,0.0,1.5,14.285714285714285,low,high,high,high,low,neither,low,low,low,low,neither,51,5639,spice,True
444,radish,155.0,170095,"Radish seeds, sprouted, raw",169276,"Radishes, raw",168451,"Radishes, oriental, raw",170081,"Radishes, white icicle, raw",169889,"Radishes, hawaiian style, pickled",168453,"Radishes, oriental, dried",170122,"Radishes, oriental, cooked, boiled, drained, with salt",168452,"Radishes, oriental, cooked, boiled, drained, without salt",168564,"Radicchio, raw",171952,"Fish, carp, raw",169276,"Radishes, raw",claude_proposed,raw/plain form chosen,0.68,1.6,25.0,0.34,10.0,233.0,0.28,0.0,14.8,25.0,0.0,1.36,5.714285714285714,1.8888888888888888,1.9230769230769231,4.957446808510638,2.5454545454545454,16.444444444444446,0.0,0.0,6.25,2.380952380952381,low,low,low,low,low,low,neither,low,low,low,low,13,528,vegetable,False
466,olive,135.0,172926,"Olive loaf, pork",169094,"Olives, ripe, canned (small-extra large)",169096,"Olives, pickled, canned or bottled, green",169095,"Olives, ripe, canned (jumbo-super colossal)",168155,"Limes, raw",173869,"Liver cheese, pork",173870,"Liver sausage, liverwurst, pork",168156,"Lime juice, raw",169994,"Chives, raw",168412,"Endive, raw",169094,"Olives, ripe, canned (small-extra large)",claude_proposed,raw/plain form chosen,0.84,1.6,88.0,6.28,4.0,8.0,0.22,17.0,0.9,0.0,0.0,1.68,5.714285714285714,34.88888888888889,6.769230769230769,0.1702127659574468,2.0,1.0,1.8888888888888888,0.0,0.0,0.9523809523809524,low,low,high,low,low,low,low,low,low,low,low,63,1799,fruit,False
467,spearmint,165.0,173475,"Spearmint, fresh",172239,"Spearmint, dried",173474,"Peppermint, fresh",172243,"Seasoning mix, dry, taco, original",173476,"Seasoning mix, dry, chili, original",172242,"Seasoning mix, dry, sazon, coriander & annatto",174263,"Peanuts, spanish, raw",172432,"Peanuts, valencia, raw",172434,"Peanuts, virginia, raw",172430,"Peanuts, all types, raw",173475,"Spearmint, fresh",claude_proposed,raw/plain form chosen,3.29,6.8,199.0,11.87,63.0,458.0,1.09,203.0,13.3,105.0,0.0,6.58,24.285714285714285,65.94444444444444,15.307692307692308,9.74468085106383,9.90909090909091,14.777777777777779,22.555555555555557,0.0,26.25,15.0,low,high,high,neither,low,low,neither,high,low,high,neither,47,6,herb,True
486,mango,145.91,169910,"Mangos, raw",167785,"Mango nectar, canned",169091,"Mango, dried, sweetened",174259,"Mungo beans, mature seeds, raw",169090,"Mangosteen, canned, syrup pack",174256,"Mung beans, mature seeds, raw",169957,"Mung beans, mature seeds, sprouted, raw",169103,"Orange peel, raw",175256,"Mungo beans, mature seeds, cooked, boiled, with salt",172427,"Mungo beans, mature seeds, cooked, boiled, without salt",169910,"Mangos, raw",claude_proposed,raw/plain form chosen,0.82,1.6,11.0,0.16,10.0,168.0,0.09,54.0,36.4,43.0,0.0,1.6399999999999997,5.714285714285714,0.8888888888888888,0.8461538461538461,3.5744680851063833,0.8181818181818181,40.44444444444444,6.0,0.0,10.75,2.380952380952381,low,low,low,low,low,low,high,low,low,neither,low,141,420,fruit,False
489,coconut_oil,80.87,170169,"Nuts, coconut meat, raw",170580,"Nuts, coconut cream, raw (liquid expressed from grated meat)",170172,"Nuts, coconut milk, raw (liquid expressed from grated meat and water)",171077,"Chicken, broiler or fryers, breast, skinless, boneless, meat only, raw",171057,"Chicken, broilers or fryers, giblets, raw",171052,"Chicken, broilers or fryers, meat only, raw",171452,"Chicken, broilers or fryers, skin only, raw",171447,"Chicken, broilers or fryers, meat and skin, raw",171468,"Chicken, broilers or fryers, separable fat, raw",173619,"Chicken, broilers or fryers, leg, meat only, raw",171412,"Oil, coconut",claude_proposed,raw/plain form chosen,0.0,0.0,1.0,0.05,0.0,0.0,0.02,0.0,0.0,0.0,0.0,0.0,0.0,0.2777777777777778,0.07692307692307693,0.0,0.18181818181818182,0.0,0.0,0.0,0.0,0.0,low,low,low,low,low,low,low,low,low,low,low,18,17,plant derivative,False
525,cheese,135.0,172175,"Cheese, blue",172177,"Cheese, brie",173419,"Cheese, edam",173420,"Cheese, feta",172176,"Cheese, brick",173416,"Cheese, colby",173418,"Cheese, cream",171241,"Cheese, gouda",171251,"Cheese, swiss",171249,"Cheese, romano",173414,"Cheese, cheddar (Includes foods for USDA's Food Distribution Program)",claude_proposed,generic cheese; cheddar assumed,22.87,0.0,710.0,0.14,27.0,76.0,3.64,337.0,0.0,27.0,1.1,45.74,0.0,0.7777777777777778,54.61538461538461,1.6170212765957446,33.09090909090909,0.0,37.44444444444445,45.833333333333336,6.75,6.428571428571428,high,low,low,high,low,high,low,high,high,low,low,127,3286,dairy,False
545,coconut,77.14,169981,"Cardoon, raw",170157,"Nuts, acorns, raw",170162,"Nuts, cashew nuts, raw",170584,"Nuts, ginkgo nuts, raw",168538,"Corn, sweet, white, raw",170169,"Nuts, coconut meat, raw",169998,"Corn, sweet, yellow, raw",170178,"Nuts, macadamia nuts, raw",170184,"Nuts, pistachio nuts, raw",170164,"Nuts, chestnuts, chinese, raw",170169,"Nuts, coconut meat, raw",claude_proposed,raw/plain form chosen,3.33,9.0,14.0,2.43,32.0,356.0,1.1,0.0,3.3,26.0,0.0,6.660000000000001,32.142857142857146,13.5,1.0769230769230769,7.574468085106383,10.0,3.6666666666666665,0.0,0.0,6.5,7.6190476190476195,low,high,neither,low,low,neither,low,low,low,low,low,51,1822,nut/seed/pulse,False
567,rye_bread,83.64,172876,"Turkey, breast, from whole bird, meat only, with added solution, raw",174683,"Grapes, red or green (European type, such as Thompson seedless), raw",170552,"Seeds, breadnut tree seeds, raw",174392,"Veal, breast, whole, boneless, separable lean and fat, raw",170144,"Seeds, breadfruit seeds, raw",174517,"Turkey, retail parts, wing, meat only, raw",174518,"Turkey, retail parts, thigh, meat only, raw",174515,"Turkey, retail parts, breast, meat only, raw",171132,"Turkey, retail parts, wing, meat and skin, raw",172875,"Turkey, retail parts, drumstick, meat only, raw",172684,"Bread, rye",claude_proposed,raw/plain form chosen,8.5,5.8,73.0,2.83,40.0,166.0,1.14,0.0,0.4,110.0,0.0,17.0,20.71428571428571,15.722222222222223,5.615384615384615,3.5319148936170213,10.363636363636362,0.4444444444444444,0.0,0.0,27.500000000000004,9.523809523809524,neither,high,neither,low,low,neither,low,low,low,high,low,74,92,cereal/crop,False
572,nectarine,149.74,169914,"Nectarines, raw",169105,"Tangerines, (mandarin oranges), raw",169925,"Tangerine juice, raw",168432,"Mountain yam, hawaii, raw",167763,"Tamarinds, raw",168215,"Plantains, green, raw",169130,"Plantains, yellow, raw",169997,"Coriander (cilantro) leaves, raw",169981,"Cardoon, raw",168195,"Clementines, raw",169914,"Nectarines, raw",claude_proposed,raw/plain form chosen,1.06,1.7,6.0,0.28,9.0,201.0,0.17,17.0,5.4,5.0,0.0,2.12,6.071428571428571,1.5555555555555556,0.46153846153846156,4.276595744680852,1.5454545454545454,6.000000000000001,1.8888888888888888,0.0,1.25,2.142857142857143,low,low,low,low,low,low,low,low,low,low,low,52,51,fruit,False
575,pumpkin,155.0,168448,"Pumpkin, raw",169272,"Pumpkin leaves, raw",169270,"Pumpkin flowers, raw",171332,"Spices, pumpkin pie spice",169273,"Pumpkin pie mix, canned",170527,"Pumpkin, canned, with salt",168450,"Pumpkin, canned, without salt",170526,"Pumpkin, cooked, boiled, drained, with salt",168449,"Pumpkin, cooked, boiled, drained, without salt",170120,"Pumpkin leaves, cooked, boiled, drained, with salt",168448,"Pumpkin, raw",claude_proposed,raw/plain form chosen,1.0,0.5,21.0,0.8,12.0,340.0,0.32,426.0,9.0,16.0,0.0,2.0,1.7857142857142856,4.444444444444445,1.6153846153846154,7.234042553191489,2.909090909090909,10.0,47.333333333333336,0.0,4.0,2.857142857142857,low,low,low,low,low,low,neither,high,low,low,low,13,806,vegetable,False
579,cumin,165.0,170923,"Spices, cumin seed",171332,"Spices, pumpkin pie spice",168448,"Pumpkin, raw",169272,"Pumpkin leaves, raw",169270,"Pumpkin flowers, raw",171320,"Spices, cinnamon, ground",172231,"Spices, turmeric, ground",172423,"Lupins, mature seeds, raw",174471,"Guinea hen, meat only, raw",172416,"Guinea hen, meat and skin, raw",170923,"Spices, cumin seed",claude_proposed,raw/plain form chosen,17.81,10.5,931.0,66.36,366.0,1788.0,4.8,64.0,7.7,10.0,0.0,35.62,37.5,368.66666666666663,71.61538461538461,38.04255319148936,43.63636363636363,8.555555555555555,7.111111111111111,0.0,2.5,87.14285714285714,high,high,high,high,high,high,low,low,low,low,high,16,3321,spice,True
586,mutton,80.0,174256,"Mung beans, mature seeds, raw",169957,"Mung beans, mature seeds, sprouted, raw",168432,"Mountain yam, hawaii, raw",167749,"Lemon peel, raw",168573,"Lemon grass (citronella), raw",174259,"Mungo beans, mature seeds, raw",169093,"Melons, casaba, raw",169911,"Melons, honeydew, raw",169092,"Melons, cantaloupe, raw",167746,"Lemons, raw, without peel",172479,"Lamb, composite of trimmed retail cuts, separable lean and fat, trimmed to 1/4"" fat, choice, raw",claude_proposed,mutton approximated by lamb,16.88,0.0,12.0,1.57,22.0,230.0,3.33,0.0,0.0,18.0,2.39,33.76,0.0,8.722222222222223,0.9230769230769231,4.8936170212765955,30.272727272727273,0.0,0.0,99.58333333333334,4.5,5.238095238095238,high,low,low,low,low,high,low,low,high,low,low,67,3,meat,False
587,roasted_peanut,84.29,170552,"Seeds, breadnut tree seeds, raw",168171,"Rose-apples, raw",170144,"Seeds, breadfruit seeds, raw",175301,"Game meat, elk, raw",173845,"Game meat, bear, raw",173855,"Game meat, deer, raw",175303,"Game meat, goat, raw",175086,"Game meat, horse, raw",174344,"Game meat, moose, raw",175294,"Game meat, beaver, raw",173806,"Peanuts, all types, dry-roasted, without salt",claude_proposed,raw/plain form chosen,24.35,8.4,58.0,1.58,178.0,634.0,2.77,0.0,0.0,97.0,0.0,48.7,30.0,8.777777777777779,4.461538461538462,13.489361702127658,25.181818181818183,0.0,0.0,0.0,24.25,42.38095238095238,high,high,low,low,neither,high,low,low,low,high,high,144,205,nut/seed/pulse,False
590,mandarin,82.5,168432,"Mountain yam, hawaii, raw",167763,"Tamarinds, raw",169226,"Dandelion greens, raw",168215,"Plantains, green, raw",169130,"Plantains, yellow, raw",173634,"Canada Goose, breast meat only, skinless, raw",169914,"Nectarines, raw",169105,"Tangerines, (mandarin oranges), raw",173944,"Bananas, raw",169925,"Tangerine juice, raw",169105,"Tangerines, (mandarin oranges), raw",claude_proposed,raw/plain form chosen,0.81,1.8,37.0,0.15,12.0,166.0,0.07,34.0,26.7,16.0,0.0,1.6200000000000003,6.42857142857143,0.8333333333333334,2.8461538461538463,3.5319148936170213,0.6363636363636364,29.666666666666664,3.7777777777777777,0.0,4.0,2.857142857142857,low,low,low,low,low,low,high,low,low,low,low,63,279,fruit,False
614,tabasco_pepper,80.0,170932,"Spices, pepper, red or cayenne",170931,"Spices, pepper, black",170933,"Spices, pepper, white",168393,"Balsam-pear (bitter gourd), pods, raw",168391,"Balsam-pear (bitter gourd), leafy tips, raw",168454,"Rutabagas, raw",171316,"Spices, anise seed",172232,"Basil, fresh",171721,"Crabapples, raw",173474,"Peppermint, fresh",170106,"Peppers, hot chili, red, raw",claude_proposed,raw/plain form chosen,1.87,1.5,14.0,1.03,23.0,322.0,0.26,48.0,143.7,23.0,0.0,3.74,5.357142857142857,5.722222222222222,1.0769230769230769,6.8510638297872335,2.3636363636363638,159.66666666666666,5.333333333333334,0.0,5.75,5.476190476190476,low,low,low,low,low,low,high,low,low,low,low,40,977,spice,True
616,turkey,155.0,171505,"Turkey, Ground, raw",171083,"Turkey, whole, giblets, raw",172847,"Turkey, ground, fat free, raw",171480,"Turkey, whole, meat only, raw",171490,"Turkey, whole, light meat, raw",171484,"Turkey, all classes, heart, raw",171486,"Turkey, all classes, liver, raw",171085,"Turkey, gizzard, all classes, raw",171081,"Turkey, whole, meat and skin, raw",171096,"Turkey, whole, back, meat only, raw",171081,"Turkey, whole, meat and skin, raw",claude_proposed,raw/plain form chosen,21.64,0.0,11.0,0.86,25.0,224.0,1.78,17.0,0.0,7.0,1.22,43.28,0.0,4.777777777777778,0.8461538461538461,4.76595744680851,16.181818181818183,0.0,1.8888888888888888,50.83333333333333,1.7500000000000002,5.952380952380952,high,low,low,low,low,neither,low,low,high,low,low,50,901,meat,False
630,passion_fruit,155.0,169108,"Passion-fruit, (granadilla), purple, raw",169109,"Passion-fruit juice, purple, raw",169110,"Passion-fruit juice, yellow, raw",170402,"Chayote, fruit, raw",170144,"Seeds, breadfruit seeds, raw",168177,"Pears, asian, raw",168583,"Wasabi, root, raw",171715,"Carambola, (starfruit), raw",174474,"Pheasant, breast, meat only, raw",170027,"Potatoes, russet, flesh and skin, raw (Includes foods for USDA's Food Distribution Program)",169108,"Passion-fruit, (granadilla), purple, raw",claude_proposed,raw/plain form chosen,2.2,10.4,12.0,1.6,29.0,348.0,0.1,64.0,30.0,14.0,0.0,4.4,37.142857142857146,8.88888888888889,0.9230769230769231,7.404255319148937,0.9090909090909092,33.33333333333333,7.111111111111111,0.0,3.5000000000000004,6.904761904761905,low,high,low,low,low,low,high,low,low,low,low,131,20,fruit,False
631,coffee,70.0,169988,"Celery, raw",169385,"Fennel, bulb, raw",172831,"Ruffed Grouse, breast meat, skinless, raw",169990,"Celtuce, raw",168170,"Roselle, raw",170402,"Chayote, fruit, raw",169224,"Cowpeas, leafy tips, raw",175208,"Cowpeas, catjang, mature seeds, raw",168405,"Cowpeas, young pods with seeds, raw",169220,"Cowpeas (blackeyes), immature seeds, raw",171890,"Beverages, coffee, brewed, prepared with tap water",claude_proposed,raw/plain form chosen,0.12,0.0,2.0,0.01,3.0,49.0,0.02,0.0,0.0,2.0,0.0,0.24,0.0,0.05555555555555555,0.15384615384615385,1.0425531914893618,0.18181818181818182,0.0,0.0,0.0,0.5,0.7142857142857143,low,low,low,low,low,low,low,low,low,low,low,234,720,plant derivative,False
633,red_kidney_bean,84.52,173744,"Beans, kidney, red, mature seeds, raw",175193,"Beans, kidney, all types, mature seeds, raw",175196,"Beans, kidney, royal red, mature seeds, raw",169213,"Beans, kidney, mature seeds, sprouted, raw",173742,"Beans, kidney, california red, mature seeds, raw",174469,"Duck, wild, breast, meat only, raw",174726,"Beef, New Zealand, imported, inside, raw",173093,"Beef, New Zealand, imported, sweetbread, raw",173091,"Beef, New Zealand, imported, subcutaneous fat, raw",173083,"Beef, New Zealand, imported, intermuscular fat, raw",173744,"Beans, kidney, red, mature seeds, raw",claude_proposed,raw/plain form chosen,22.53,15.2,83.0,6.69,138.0,1359.0,2.79,0.0,4.5,394.0,0.0,45.06,54.285714285714285,37.16666666666667,6.384615384615384,28.914893617021274,25.363636363636367,5.0,0.0,0.0,98.5,32.857142857142854,high,high,high,low,high,high,low,low,low,high,high,90,59,vegetable,False
639,catfish,92.73,171952,"Fish, carp, raw",171958,"Fish, cusk, raw",173670,"Fish, ling, raw",175141,"Fish, scup, raw",173700,"Fish, spot, raw",171953,"Fish, cisco, raw",171950,"Fish, burbot, raw",171964,"Fish, haddock, raw",173671,"Fish, lingcod, raw",175176,"Fish, tilapia, raw",174186,"Fish, catfish, channel, wild, raw",claude_proposed,raw/plain form chosen,16.38,0.0,14.0,0.3,23.0,358.0,0.51,15.0,0.7,10.0,2.23,32.76,0.0,1.6666666666666667,1.0769230769230769,7.617021276595745,4.636363636363637,0.7777777777777778,1.6666666666666667,92.91666666666667,2.5,5.476190476190476,high,low,low,low,low,low,low,low,high,low,low,65,71,fish/seafood,False
647,brown_rice,83.16,169726,"Wild rice, raw",167783,"Rowal, raw",167747,"Lemon juice, raw",169703,"Rice, brown, long-grain, raw (Includes foods for USDA's Food Distribution Program)",169706,"Rice, brown, medium-grain, raw (Includes foods for USDA's Food Distribution Program)",170377,"Broadbeans, immature seeds, raw",173043,"Groundcherries, (cape-gooseberries or poha), raw",169981,"Cardoon, raw",175202,"Beans, white, mature seeds, raw",174699,"Beef, ribeye cap steak, boneless, separable lean only, trimmed to 0"" fat, choice, raw",169703,"Rice, brown, long-grain, raw (Includes foods for USDA's Food Distribution Program)",claude_proposed,raw/plain form chosen,7.54,3.6,9.0,1.29,116.0,250.0,2.13,0.0,0.0,23.0,0.0,15.079999999999998,12.85714285714286,7.166666666666667,0.6923076923076923,5.319148936170213,19.363636363636363,0.0,0.0,0.0,5.75,27.61904761904762,neither,neither,low,low,low,neither,low,low,low,low,high,78,347,cereal/crop,False
652,veal,155.0,175290,"Veal, ground, raw",174884,"Veal, seam fat only, raw",174882,"Veal, external fat only, raw",173828,"Veal, rib, separable lean only, raw",173849,"Veal, Australian, separable fat, raw",173826,"Veal, loin, separable lean only, raw",172645,"Veal, shank, separable lean only, raw",175275,"Veal, rib, separable lean and fat, raw",173823,"Veal, loin, separable lean and fat, raw",173840,"Veal, sirloin, separable lean only, raw",173815,"Veal, composite of trimmed retail cuts, separable lean and fat, raw",claude_proposed,raw/plain form chosen,19.35,0.0,15.0,0.83,24.0,315.0,3.06,0.0,0.0,13.0,1.34,38.7,0.0,4.611111111111111,1.153846153846154,6.702127659574468,27.81818181818182,0.0,0.0,55.833333333333336,3.25,5.714285714285714,high,low,low,low,low,high,low,low,high,low,low,49,199,meat,False
658,cilantro,88.82,170922,"Spices, coriander seed",170921,"Spices, coriander leaf, dried",170919,"Spices, cardamom",171320,"Spices, cinnamon, ground",169997,"Coriander (cilantro) leaves, raw",170923,"Spices, cumin seed",169981,"Cardoon, raw",170393,"Carrots, raw",168568,"Carrots, baby, raw",170920,"Spices, celery seed",169997,"Coriander (cilantro) leaves, raw",claude_proposed,raw/plain form chosen,2.13,2.8,67.0,1.77,26.0,521.0,0.5,337.0,27.0,62.0,0.0,4.26,10.0,9.833333333333332,5.153846153846154,11.085106382978724,4.545454545454546,30.0,37.44444444444445,0.0,15.5,6.190476190476191,low,neither,low,low,neither,low,high,high,low,neither,low,19,2493,herb,True
663,cayenne,91.54,171323,"Spices, fennel seed",169385,"Fennel, bulb, raw",171316,"Spices, anise seed",170922,"Spices, coriander seed",170402,"Chayote, fruit, raw",170920,"Spices, celery seed",168195,"Clementines, raw",170921,"Spices, coriander leaf, dried",170918,"Spices, caraway seed",170917,"Spices, bay leaf",170932,"Spices, pepper, red or cayenne",claude_proposed,raw/plain form chosen,12.01,27.2,148.0,7.8,152.0,2014.0,2.48,2081.0,76.4,106.0,0.0,24.02,97.14285714285714,43.333333333333336,11.384615384615385,42.851063829787236,22.545454545454547,84.88888888888889,231.22222222222223,0.0,26.5,36.19047619047619,high,high,high,neither,high,high,high,high,low,high,high,39,8303,spice,True
671,endive,155.0,168412,"Endive, raw",169994,"Chives, raw",169385,"Fennel, bulb, raw",168195,"Clementines, raw",172420,"Lentils, raw",168427,"Lentils, sprouted, raw",174284,"Lentils, pink or red, raw",171727,"Elderberries, raw",168440,"New Zealand spinach, raw",169276,"Radishes, raw",168412,"Endive, raw",claude_proposed,raw/plain form chosen,1.25,3.1,52.0,0.83,15.0,314.0,0.79,108.0,6.5,142.0,0.0,2.5,11.071428571428573,4.611111111111111,4.0,6.680851063829787,7.1818181818181825,7.222222222222221,12.0,0.0,35.5,3.571428571428571,low,neither,low,low,low,low,low,neither,low,high,low,27,115,vegetable,False
674,clam,95.0,174370,"Lamb, ground, raw",174444,"Lamb, New Zealand, imported, heart, raw",172615,"Lamb, New Zealand, imported, liver, raw",174437,"Lamb, New Zealand, imported, brains, raw",174442,"Lamb, New Zealand, imported, kidney, raw",172619,"Lamb, New Zealand, imported, testes, raw",174446,"Lamb, New Zealand, imported, sweetbread, raw",172617,"Lamb, New Zealand, imported, ground lamb, raw",172525,"Lamb, variety meats and by-products, brain, raw",172527,"Lamb, variety meats and by-products, heart, raw",174214,"Mollusks, clam, mixed species, raw",claude_proposed,raw/plain form chosen,14.67,0.0,39.0,1.62,19.0,46.0,0.51,90.0,0.0,5.0,11.28,29.34,0.0,9.000000000000002,3.0,0.9787234042553191,4.636363636363637,0.0,10.0,470.0,1.25,4.523809523809524,high,low,low,low,low,low,low,neither,high,low,low,61,476,fish/seafood,False
675,thyme,165.0,173470,"Thyme, fresh",170938,"Spices, thyme, dried",171326,"Spices, nutmeg, ground",172231,"Spices, turmeric, ground",170927,"Spices, mace, ground",170071,"Yam, raw",170402,"Chayote, fruit, raw",170073,"Yambean (jicama), raw",170456,"Tomatoes, green, raw",170502,"Tomatoes, orange, raw",173470,"Thyme, fresh",claude_proposed,raw/plain form chosen,5.56,14.0,405.0,17.45,160.0,609.0,1.81,238.0,160.1,45.0,0.0,11.12,50.0,96.94444444444444,31.153846153846153,12.957446808510639,16.454545454545453,177.88888888888889,26.444444444444443,0.0,11.25,38.095238095238095,neither,high,high,high,neither,neither,high,high,low,neither,high,25,3046,herb,True
676,blackberry,121.0,173947,"Blackberry juice, canned",173946,"Blackberries, raw",170432,"Pokeberry shoots, (poke), raw",171711,"Blueberries, raw",171710,"Blackberries, frozen, unsweetened",171709,"Blackberries, canned, heavy syrup, solids and liquids",169988,"Celery, raw",169913,"Mulberries, raw",170284,"Barley, pearled, raw",171722,"Cranberries, raw",173946,"Blackberries, raw",claude_proposed,raw/plain form chosen,1.39,5.3,29.0,0.62,20.0,162.0,0.53,11.0,21.0,25.0,0.0,2.78,18.928571428571427,3.4444444444444446,2.230769230769231,3.446808510638298,4.818181818181818,23.333333333333332,1.2222222222222223,0.0,6.25,4.761904761904762,low,neither,low,low,low,low,high,low,low,low,low,106,170,fruit,False
694,shrimp,77.14,169376,"Mushroom, white, exposed to ultraviolet light, raw",173953,"Cherimoya, raw",169382,"Mushrooms, enoki, raw",168423,"Mushrooms, morel, raw",169251,"Mushrooms, white, raw",168580,"Mushrooms, oyster, raw",169403,"Mushrooms, maitake, raw",169242,"Mushrooms, shiitake, raw",169255,"Mushrooms, portabella, raw",168422,"Mushrooms, Chanterelle, raw",174210,"Crustaceans, shrimp, mixed species, raw (may contain additives to retain moisture)",claude_proposed,raw/plain form chosen,13.61,0.0,54.0,0.21,22.0,113.0,0.97,54.0,0.0,19.0,1.11,27.22,0.0,1.1666666666666665,4.153846153846154,2.404255319148936,8.818181818181818,0.0,6.0,46.25000000000001,4.75,5.238095238095238,high,low,low,low,low,low,low,low,high,low,low,72,1690,fish/seafood,False
696,swiss_cheese,79.26,175144,"Fish, sheepshead, raw",170066,"Waterchestnuts, chinese, (matai), raw",169404,"Broccoli, chinese, raw",170095,"Radish seeds, sprouted, raw",174193,"Fish, eel, mixed species, raw",175142,"Fish, sea bass, mixed species, raw",170069,"Waxgourd, (chinese preserving melon), raw",169410,"Seeds, sesame butter, tahini, from raw and stone ground kernels",174989,"Croissants, cheese",168422,"Mushrooms, Chanterelle, raw",171251,"Cheese, swiss",claude_proposed,raw/plain form chosen,26.96,0.0,890.0,0.13,33.0,72.0,4.37,288.0,0.0,10.0,3.06,53.92,0.0,0.7222222222222223,68.46153846153847,1.5319148936170213,39.72727272727273,0.0,32.0,127.50000000000001,2.5,7.857142857142857,high,low,low,high,low,high,low,high,high,low,low,145,523,dairy,False
698,chive,145.91,169994,"Chives, raw",170075,"Chives, freeze-dried",171116,"Chicken, ground, raw",174465,"Chicken, capons, giblets, raw",173641,"Chicken, stewing, giblets, raw",172396,"Chicken, roasting, giblets, raw",171458,"Chicken, heart, all classes, raw",171060,"Chicken, liver, all classes, raw",172402,"Chicken, stewing, meat only, raw",173636,"Chicken, roasting, meat only, raw",169994,"Chives, raw",claude_proposed,raw/plain form chosen,3.27,2.5,92.0,1.6,42.0,296.0,0.56,218.0,58.1,105.0,0.0,6.54,8.928571428571429,8.88888888888889,7.076923076923077,6.297872340425532,5.090909090909091,64.55555555555556,24.22222222222222,0.0,26.25,10.0,low,low,low,low,low,low,high,high,low,high,neither,22,1337,vegetable,False
703,white_bread,83.64,170070,"Winged bean tuber, raw",170478,"Winged bean leaves, raw",174283,"Winged beans, mature seeds, raw",170476,"Winged beans, immature seeds, raw",172876,"Turkey, breast, from whole bird, meat only, with added solution, raw",169994,"Chives, raw",170552,"Seeds, breadnut tree seeds, raw",175210,"Hyacinth beans, mature seeds, raw",169234,"Hyacinth-beans, immature seeds, raw",168429,"Lettuce, butterhead (includes boston and bibb types), raw",174924,"Bread, white, commercially prepared (includes soft bread crumbs)",claude_proposed,raw/plain form chosen,8.85,2.7,144.0,3.61,23.0,126.0,0.74,0.0,0.0,111.0,0.0,17.7,9.642857142857144,20.055555555555554,11.076923076923077,2.6808510638297873,6.7272727272727275,0.0,0.0,0.0,27.750000000000004,5.476190476190476,neither,low,high,neither,low,low,low,low,low,high,low,59,372,cereal/crop,False
707,anise,165.0,171316,"Spices, anise seed",170417,"Parsnips, raw",169276,"Radishes, raw",168451,"Radishes, oriental, raw",170081,"Radishes, white icicle, raw",173471,Vanilla extract,169961,"Beans, snap, green, raw",168574,"Beans, fava, in pod, raw",169320,"Beans, snap, yellow, raw",173745,"Beans, navy, mature seeds, raw",171316,"Spices, anise seed",claude_proposed,raw/plain form chosen,17.6,14.6,646.0,36.96,170.0,1441.0,5.3,16.0,21.0,10.0,0.0,35.2,52.142857142857146,205.33333333333331,49.69230769230769,30.659574468085104,48.18181818181818,23.333333333333332,1.7777777777777777,0.0,2.5,40.476190476190474,high,high,high,high,high,high,high,low,low,low,high,17,224,spice,True
716,sauerkraut,128.0,169279,"Sauerkraut, canned, solids and liquids",173964,"Currants, red and white, raw",173963,"Currants, european black, raw",168389,"Asparagus, raw",174687,"Jackfruit, raw",173034,"Grapefruit, raw, white, Florida",174676,"Grapefruit, raw, white, all areas",174677,"Grapefruit, raw, white, California",174675,"Grapefruit, raw, pink and red, Florida",174673,"Grapefruit, raw, pink and red, all areas",169279,"Sauerkraut, canned, solids and liquids",claude_proposed,raw/plain form chosen,0.91,2.9,30.0,1.47,13.0,170.0,0.19,1.0,14.7,24.0,0.0,1.82,10.357142857142856,8.166666666666666,2.307692307692308,3.6170212765957444,1.7272727272727273,16.333333333333332,0.1111111111111111,0.0,6.0,3.0952380952380953,low,neither,low,low,low,low,neither,low,low,low,low,15,185,vegetable,False
717,strawberry,128.0,174869,"Strawberry-flavor beverage mix, powder",167762,"Strawberries, raw",171722,"Cranberries, raw",167755,"Raspberries, raw",168174,"Strawberries, frozen, sweetened, sliced",168172,"Strawberries, canned, heavy syrup pack, solids and liquids",168173,"Strawberries, frozen, unsweetened (Includes foods for USDA's Food Distribution Program)",170432,"Pokeberry shoots, (poke), raw",171505,"Turkey, Ground, raw",171083,"Turkey, whole, giblets, raw",167762,"Strawberries, raw",claude_proposed,raw/plain form chosen,0.67,2.0,16.0,0.41,13.0,153.0,0.14,1.0,58.8,24.0,0.0,1.34,7.142857142857142,2.2777777777777777,1.2307692307692308,3.25531914893617,1.2727272727272727,65.33333333333333,0.1111111111111111,0.0,6.0,3.0952380952380953,low,low,low,low,low,low,high,low,low,low,low,196,1081,fruit,False
724,cream,135.0,171257,"Cream, sour, cultured",171255,"Cream, fluid, half and half",170859,"Cream, fluid, heavy whipping",170858,"Cream, fluid, light whipping",171308,"Cream, half and half, lowfat",172212,"Cream, half and half, fat free",171256,"Cream, sour, reduced fat, cultured",170860,"Cream, whipped, cream topping, pressurized",167534,"Cream puff, eclair, custard or cream filled, iced",170857,"Cream, fluid, light (coffee cream or table cream)",170859,"Cream, fluid, heavy whipping",claude_proposed,raw/plain form chosen,2.84,0.0,66.0,0.1,7.0,95.0,0.24,411.0,0.6,4.0,0.16,5.68,0.0,0.5555555555555556,5.076923076923077,2.021276595744681,2.1818181818181817,0.6666666666666666,45.666666666666664,6.666666666666667,1.0,1.6666666666666667,low,low,low,low,low,low,low,high,low,low,low,29,10194,dairy,False
729,roasted_almond,76.0,168171,"Rose-apples, raw",173689,"Fish, salmon, chum, raw",175138,"Fish, salmon, pink, raw",173688,"Fish, salmon, chinook, raw",173691,"Fish, salmon, sockeye, raw",175136,"Fish, salmon, coho, wild, raw",173715,"Fish, salmon, coho, farmed, raw",173686,"Fish, salmon, Atlantic, wild, raw",175167,"Fish, salmon, Atlantic, farmed, raw",172844,"Ostrich, round, raw",170158,"Nuts, almonds, dry roasted, without salt added",claude_proposed,raw/plain form chosen,20.96,10.9,268.0,3.73,279.0,713.0,3.31,0.0,0.0,55.0,0.0,41.92,38.92857142857143,20.72222222222222,20.615384615384617,15.170212765957448,30.09090909090909,0.0,0.0,0.0,13.750000000000002,66.42857142857143,high,high,high,high,neither,high,low,low,low,neither,high,13,3,nut/seed/pulse,False
735,pear,143.89,169118,"Pears, raw",168177,"Pears, asian, raw",167777,"Pears, raw, red anjou",167778,"Pears, raw, bosc (Includes foods for USDA's Food Distribution Program)",167776,"Pears, raw, bartlett (Includes foods for USDA's Food Distribution Program)",167779,"Pears, raw, green anjou (Includes foods for USDA's Food Distribution Program)",168186,"Pear nectar, canned, with added ascorbic acid",169940,"Pear nectar, canned, without added ascorbic acid",169121,"Pears, dried, sulfured, uncooked",168182,"Pears, canned, heavy syrup, drained",169118,"Pears, raw",claude_proposed,raw/plain form chosen,0.36,3.1,9.0,0.18,7.0,116.0,0.1,1.0,4.3,7.0,0.0,0.72,11.071428571428573,1.0,0.6923076923076923,2.4680851063829787,0.9090909090909092,4.777777777777778,0.1111111111111111,0.0,1.7500000000000002,1.6666666666666667,low,neither,low,low,low,low,low,low,low,low,low,49,484,fruit,False
746,brussels_sprout,151.77,170383,"Brussels sprouts, raw",169972,"Brussels sprouts, frozen, unprepared",168513,"Brussels sprouts, cooked, boiled, drained, with salt",169971,"Brussels sprouts, cooked, boiled, drained, without salt",169332,"Brussels sprouts, frozen, cooked, boiled, drained, with salt",169973,"Brussels sprouts, frozen, cooked, boiled, drained, without salt",168427,"Lentils, sprouted, raw",173700,"Fish, spot, raw",173677,"Fish, pout, ocean, raw",173954,"Cherries, sour, red, raw",170383,"Brussels sprouts, raw",claude_proposed,raw/plain form chosen,3.38,3.8,42.0,1.4,23.0,389.0,0.42,38.0,85.0,61.0,0.0,6.76,13.571428571428571,7.777777777777778,3.230769230769231,8.27659574468085,3.818181818181818,94.44444444444444,4.222222222222222,0.0,15.25,5.476190476190476,low,neither,low,low,low,low,high,low,low,neither,low,10,92,vegetable,False
756,lima_bean,149.74,168396,"Lima beans, immature seeds, raw",174252,"Lima beans, large, mature seeds, raw",174255,"Lima beans, thin seeded (baby), mature seeds, raw",174254,"Lima beans, large, mature seeds, canned",169955,"Lima beans, immature seeds, frozen, baby, unprepared",169953,"Lima beans, immature seeds, frozen, fordhook, unprepared",173802,"Lima beans, large, mature seeds, cooked, boiled, with salt",174253,"Lima beans, large, mature seeds, cooked, boiled, without salt",169316,"Lima beans, immature seeds, cooked, boiled, drained, with salt",169135,"Lima beans, immature seeds, cooked, boiled, drained, without salt",174252,"Lima beans, large, mature seeds, raw",claude_proposed,raw/plain form chosen,21.46,19.0,81.0,7.51,224.0,1724.0,2.83,0.0,0.0,395.0,0.0,42.92,67.85714285714286,41.72222222222222,6.230769230769231,36.68085106382979,25.727272727272727,0.0,0.0,0.0,98.75,53.333333333333336,high,high,high,low,high,high,low,low,low,high,high,91,149,vegetable,False
759,kidney_bean,92.73,170070,"Winged bean tuber, raw",170478,"Winged bean leaves, raw",174283,"Winged beans, mature seeds, raw",170476,"Winged beans, immature seeds, raw",169222,"Yardlong bean, raw",172876,"Turkey, breast, from whole bird, meat only, with added solution, raw",174471,"Guinea hen, meat only, raw",174256,"Mung beans, mature seeds, raw",172416,"Guinea hen, meat and skin, raw",168396,"Lima beans, immature seeds, raw",175193,"Beans, kidney, all types, mature seeds, raw",claude_proposed,raw/plain form chosen,23.58,24.9,143.0,8.2,140.0,1406.0,2.79,0.0,4.5,394.0,0.0,47.16,88.92857142857142,45.55555555555555,11.0,29.914893617021278,25.363636363636367,5.0,0.0,0.0,98.5,33.33333333333333,high,high,high,neither,high,high,low,low,low,high,high,87,442,vegetable,False
775,tea,77.14,169308,"Taro, raw",170419,"Peas, green, raw",168487,"Taro leaves, raw",168489,"Taro shoots, raw",175290,"Veal, ground, raw",168419,"Jute, potherb, raw",169310,"Taro, tahitian, raw",170010,"Peas, edible-podded, raw",174884,"Veal, seam fat only, raw",174882,"Veal, external fat only, raw",173227,"Beverages, tea, black, brewed, prepared with tap water",claude_proposed,raw/plain form chosen,0.0,0.0,0.0,0.02,3.0,37.0,0.02,0.0,0.0,5.0,0.0,0.0,0.0,0.1111111111111111,0.0,0.7872340425531915,0.18181818181818182,0.0,0.0,0.0,1.25,0.7142857142857143,low,low,low,low,low,low,low,low,low,low,low,171,109,plant derivative,False
781,guava,145.91,173044,"Guavas, common, raw",173045,"Guavas, strawberry, raw",168210,"Guava nectar, with sucralose, canned",167784,"Guava nectar, canned, with added ascorbic acid",174686,"Guava sauce, cooked",168150,"Java-plum, (jambolan), raw",174471,"Guinea hen, meat only, raw",172416,"Guinea hen, meat and skin, raw",169387,"Arugula, raw",169985,"Cassava, raw",173044,"Guavas, common, raw",claude_proposed,raw/plain form chosen,2.55,5.4,18.0,0.26,22.0,417.0,0.23,31.0,228.3,49.0,0.0,5.1,19.28571428571429,1.4444444444444446,1.3846153846153846,8.872340425531915,2.090909090909091,253.66666666666666,3.4444444444444446,0.0,12.25,5.238095238095238,low,neither,low,low,low,low,high,low,low,neither,low,145,13,fruit,False
804,roquefort_cheese,76.25,169404,"Broccoli, chinese, raw",170069,"Waxgourd, (chinese preserving melon), raw",173043,"Groundcherries, (cape-gooseberries or poha), raw",169236,"Jerusalem-artichokes, raw",168422,"Mushrooms, Chanterelle, raw",170066,"Waterchestnuts, chinese, (matai), raw",170164,"Nuts, chestnuts, chinese, raw",169413,"Nuts, chestnuts, japanese, raw",170575,"Nuts, chestnuts, european, raw, peeled",170574,"Nuts, chestnuts, european, raw, unpeeled",171250,"Cheese, roquefort",claude_proposed,raw/plain form chosen,21.54,0.0,662.0,0.56,30.0,91.0,2.08,294.0,0.0,49.0,0.64,43.08,0.0,3.111111111111111,50.92307692307693,1.9361702127659575,18.90909090909091,0.0,32.666666666666664,26.666666666666668,12.25,7.142857142857142,high,low,low,high,low,neither,low,high,high,neither,low,127,23,dairy,False
809,herring,86.67,171719,"Cherries, sweet, raw",173954,"Cherries, sour, red, raw",169915,"Oheloberries, raw",173953,"Cherimoya, raw",173043,"Groundcherries, (cape-gooseberries or poha), raw",169913,"Mulberries, raw",169914,"Nectarines, raw",169943,"Persimmons, native, raw",169941,"Persimmons, japanese, raw",169105,"Tangerines, (mandarin oranges), raw",175116,"Fish, herring, Atlantic, raw",claude_proposed,raw/plain form chosen,17.96,0.0,57.0,1.1,32.0,327.0,0.99,28.0,0.7,10.0,13.67,35.92,0.0,6.111111111111112,4.384615384615385,6.957446808510638,9.0,0.7777777777777778,3.111111111111111,569.5833333333334,2.5,7.6190476190476195,high,low,low,low,low,low,low,low,high,low,low,65,10,fish/seafood,False
824,enokidake,73.33,168412,"Endive, raw",168571,"Nopales, raw",168459,"Sesbania flower, raw",168421,"Kale, raw",169260,"Okra, raw",169997,"Coriander (cilantro) leaves, raw",170481,"Borage, raw",168176,"Feijoa, raw",168195,"Clementines, raw",169103,"Orange peel, raw",169382,"Mushrooms, enoki, raw",claude_proposed,raw/plain form chosen,2.66,2.7,0.0,1.15,16.0,359.0,0.65,,0.0,48.0,0.0,5.32,9.642857142857144,6.388888888888888,0.0,7.638297872340425,5.909090909090909,0.0,,0.0,12.0,3.8095238095238098,low,low,low,low,low,low,low,,low,neither,low,117,106,vegetable,False
846,muscat_grape,81.54,169256,"Mustard greens, raw",168154,"Kumquats, raw",171725,"Custard-apple, (bullock's-heart), raw",169092,"Melons, cantaloupe, raw",170456,"Tomatoes, green, raw",170393,"Carrots, raw",169908,"Loquats, raw",169909,"Mammy-apple, (mamey), raw",170502,"Tomatoes, orange, raw",169274,"Purslane, raw",174683,"Grapes, red or green (European type, such as Thompson seedless), raw",claude_proposed,raw/plain form chosen,0.72,0.9,10.0,0.36,7.0,191.0,0.07,3.0,3.2,2.0,0.0,1.44,3.214285714285715,2.0,0.7692307692307693,4.0638297872340425,0.6363636363636364,3.5555555555555554,0.33333333333333337,0.0,0.5,1.6666666666666667,low,low,low,low,low,low,low,low,low,low,low,131,1,fruit,False
848,egg,155.0,172184,"Egg, yolk, raw, fresh",172183,"Egg, white, raw, fresh",171287,"Egg, whole, raw, fresh",172189,"Egg, duck, whole, fresh, raw",172190,"Egg, goose, whole, fresh, raw",172191,"Egg, quail, whole, fresh, raw",172192,"Egg, turkey, whole, fresh, raw",173421,"Egg, yolk, raw, frozen, pasteurized",172203,"Egg, white, raw, frozen, pasteurized",173436,"Egg, yolk, raw, frozen, salted, pasteurized",171287,"Egg, whole, raw, fresh",claude_proposed,raw/plain form chosen,12.56,0.0,56.0,1.75,12.0,138.0,1.29,160.0,0.0,47.0,0.89,25.120000000000005,0.0,9.722222222222223,4.3076923076923075,2.9361702127659575,11.727272727272728,0.0,17.77777777777778,37.083333333333336,11.75,2.857142857142857,high,low,low,low,low,neither,low,neither,high,neither,low,49,21114,animal product,False
849,turmeric,165.0,172231,"Spices, turmeric, ground",170061,"Turnip greens, raw",167745,"Turtle, green, raw",171505,"Turkey, Ground, raw",171083,"Turkey, whole, giblets, raw",172847,"Turkey, ground, fat free, raw",171480,"Turkey, whole, meat only, raw",171490,"Turkey, whole, light meat, raw",171484,"Turkey, all classes, heart, raw",171486,"Turkey, all classes, liver, raw",172231,"Spices, turmeric, ground",claude_proposed,raw/plain form chosen,9.68,22.7,168.0,55.0,208.0,2080.0,4.5,0.0,0.7,20.0,0.0,19.36,81.07142857142857,305.55555555555554,12.923076923076923,44.25531914893617,40.909090909090914,0.7777777777777778,0.0,0.0,5.0,49.523809523809526,neither,high,high,neither,high,high,low,low,low,low,high,10,1329,spice,True
858,raw_beef,77.78,174597,Roast beef spread,174570,"Roast beef, deli style, prepackaged, sliced",171400,"Fat, beef tallow",172956,"Bratwurst, beef and pork, smoked",169103,"Orange peel, raw",171564,"Gravy, beef, canned, ready-to-serve",168575,"Grape leaves, raw",167762,"Strawberries, raw",170095,"Radish seeds, sprouted, raw",174726,"Beef, New Zealand, imported, inside, raw",174036,"Beef, ground, 80% lean meat / 20% fat, raw",claude_proposed,raw/plain form chosen,17.17,0.0,18.0,1.94,17.0,270.0,4.18,4.0,0.0,7.0,2.14,34.34,0.0,10.777777777777779,1.3846153846153846,5.74468085106383,37.99999999999999,0.0,0.4444444444444444,89.16666666666667,1.7500000000000002,4.0476190476190474,high,low,neither,low,low,high,low,low,high,low,low,199,2,meat,False
882,lemongrass,95.0,167746,"Lemons, raw, without peel",169089,"Longans, raw",167749,"Lemon peel, raw",168573,"Lemon grass (citronella), raw",167747,"Lemon juice, raw",171324,"Spices, fenugreek seed",172243,"Seasoning mix, dry, taco, original",173476,"Seasoning mix, dry, chili, original",172242,"Seasoning mix, dry, sazon, coriander & annatto",169910,"Mangos, raw",168573,"Lemon grass (citronella), raw",claude_proposed,raw/plain form chosen,1.82,,65.0,8.17,60.0,723.0,2.23,0.0,2.6,75.0,0.0,3.64,,45.38888888888889,5.0,15.382978723404255,20.272727272727273,2.8888888888888893,0.0,0.0,18.75,14.285714285714285,low,,high,low,neither,high,low,low,low,neither,neither,17,221,herb,True
889,quince,147.31,168163,"Quinces, raw",174471,"Guinea hen, meat only, raw",172416,"Guinea hen, meat and skin, raw",168879,"Rice, white, medium-grain, raw, enriched",168931,"Rice, white, short-grain, raw, unenriched",169760,"Rice, white, medium-grain, raw, unenriched",168877,"Rice, white, long-grain, regular, raw, enriched",169756,"Rice, white, long-grain, regular, raw, unenriched",169703,"Rice, brown, long-grain, raw (Includes foods for USDA's Food Distribution Program)",169706,"Rice, brown, medium-grain, raw (Includes foods for USDA's Food Distribution Program)",168163,"Quinces, raw",claude_proposed,raw/plain form chosen,0.4,1.9,11.0,0.7,8.0,197.0,0.04,2.0,15.0,3.0,0.0,0.8,6.785714285714286,3.888888888888889,0.8461538461538461,4.191489361702128,0.36363636363636365,16.666666666666664,0.2222222222222222,0.0,0.75,1.9047619047619049,low,low,low,low,low,low,neither,low,low,low,low,53,29,fruit,False
898,concord_grape,79.26,169992,"Chicory greens, raw",170406,"Collards, raw",169219,"Cornsalad, raw",171725,"Custard-apple, (bullock's-heart), raw",170000,"Onions, raw",169981,"Cardoon, raw",168573,"Lemon grass (citronella), raw",173043,"Groundcherries, (cape-gooseberries or poha), raw",170379,"Broccoli, raw",168407,"Cress, garden, raw",174682,"Grapes, american type (slip skin), raw",claude_proposed,raw/plain form chosen,0.63,0.9,14.0,0.29,5.0,191.0,0.04,5.0,4.0,4.0,0.0,1.26,3.214285714285715,1.6111111111111112,1.0769230769230769,4.0638297872340425,0.36363636363636365,4.444444444444445,0.5555555555555556,0.0,1.0,1.1904761904761905,low,low,low,low,low,low,low,low,low,low,low,128,12,fruit,False
908,black_tea,80.0,168393,"Balsam-pear (bitter gourd), pods, raw",168391,"Balsam-pear (bitter gourd), leafy tips, raw",173946,"Blackberries, raw",168396,"Lima beans, immature seeds, raw",174252,"Lima beans, large, mature seeds, raw",174255,"Lima beans, thin seeded (baby), mature seeds, raw",172137,"Beef, plate steak, boneless, inside skirt, separable lean only, trimmed to 0"" fat, choice, raw",172139,"Beef, plate steak, boneless, inside skirt, separable lean only, trimmed to 0"" fat, select, raw",173378,"Beef, plate steak, boneless, outside skirt, separable lean only, trimmed to 0"" fat, choice, raw",172141,"Beef, plate steak, boneless, outside skirt, separable lean only, trimmed to 0"" fat, select, raw",173227,"Beverages, tea, black, brewed, prepared with tap water",claude_proposed,raw/plain form chosen,0.0,0.0,0.0,0.02,3.0,37.0,0.02,0.0,0.0,5.0,0.0,0.0,0.0,0.1111111111111111,0.0,0.7872340425531915,0.18181818181818182,0.0,0.0,0.0,1.25,0.7142857142857143,low,low,low,low,low,low,low,low,low,low,low,239,45,plant derivative,False
918,banana,147.31,173944,"Bananas, raw",173945,"Bananas, dehydrated, or banana powder",173634,"Canada Goose, breast meat only, skinless, raw",168459,"Sesbania flower, raw",169961,"Beans, snap, green, raw",168574,"Beans, fava, in pod, raw",169320,"Beans, snap, yellow, raw",173745,"Beans, navy, mature seeds, raw",173748,"Beans, pink, mature seeds, raw",173734,"Beans, black, mature seeds, raw",173944,"Bananas, raw",claude_proposed,raw/plain form chosen,1.09,2.6,5.0,0.26,27.0,358.0,0.15,3.0,8.7,20.0,0.0,2.18,9.285714285714286,1.4444444444444446,0.38461538461538464,7.617021276595745,1.3636363636363635,9.666666666666666,0.33333333333333337,0.0,5.0,6.428571428571428,low,low,low,low,low,low,low,low,low,low,low,115,992,fruit,False
923,gruyere_cheese,80.0,170069,"Waxgourd, (chinese preserving melon), raw",169979,"Cabbage, chinese (pe-tsai), raw",170390,"Cabbage, chinese (pak-choi), raw",173043,"Groundcherries, (cape-gooseberries or poha), raw",168575,"Grape leaves, raw",174471,"Guinea hen, meat only, raw",172416,"Guinea hen, meat and skin, raw",170066,"Waterchestnuts, chinese, (matai), raw",167944,"Bread, cheese",173869,"Liver cheese, pork",171242,"Cheese, gruyere",claude_proposed,raw/plain form chosen,29.81,0.0,1011.0,0.17,36.0,81.0,3.9,271.0,0.0,10.0,1.6,59.62,0.0,0.9444444444444444,77.76923076923077,1.723404255319149,35.45454545454545,0.0,30.11111111111111,66.66666666666667,2.5,8.571428571428571,high,low,low,high,low,high,low,high,high,low,low,155,45,dairy,False
925,haddock,92.73,170076,"Dock, raw",169974,"Burdock root, raw",174467,"Duck, domesticated, liver, raw",174468,"Duck, wild, meat and skin, raw",172410,"Duck, domesticated, meat only, raw",174469,"Duck, wild, breast, meat only, raw",172408,"Duck, domesticated, meat and skin, raw",169991,"Chard, swiss, raw",169371,"Dock, cooked, boiled, drained, with salt",170077,"Dock, cooked, boiled, drained, without salt",171964,"Fish, haddock, raw",claude_proposed,raw/plain form chosen,16.32,0.0,11.0,0.17,21.0,286.0,0.32,17.0,0.0,12.0,1.83,32.64,0.0,0.9444444444444444,0.8461538461538461,6.085106382978724,2.909090909090909,0.0,1.8888888888888888,76.25,3.0,5.0,high,low,low,low,low,low,low,low,high,low,low,65,31,fish/seafood,False
929,kiwi,116.54,168153,"Kiwifruit, green, raw",168211,"Kiwifruit, ZESPRI SunGold, raw",169726,"Wild rice, raw",168583,"Wasabi, root, raw",170070,"Winged bean tuber, raw",170478,"Winged bean leaves, raw",174283,"Winged beans, mature seeds, raw",170476,"Winged beans, immature seeds, raw",169086,"Litchis, raw",168448,"Pumpkin, raw",168153,"Kiwifruit, green, raw",claude_proposed,raw/plain form chosen,1.14,3.0,34.0,0.31,17.0,312.0,0.14,4.0,92.7,25.0,0.0,2.28,10.714285714285714,1.7222222222222223,2.6153846153846154,6.6382978723404245,1.2727272727272727,103.0,0.4444444444444444,0.0,6.25,4.0476190476190474,low,neither,low,low,low,low,high,low,low,low,low,55,109,fruit,False
940,salmon,128.0,173721,"Salmon nuggets, breaded, frozen, heated",175174,"Salmon, sockeye, canned, total can contents",173722,"Salmon nuggets, cooked as purchased, unheated",173723,"Salmon, sockeye, canned, drained solids, without skin and bones",167749,"Lemon peel, raw",168573,"Lemon grass (citronella), raw",167746,"Lemons, raw, without peel",167747,"Lemon juice, raw",170499,"Shallots, raw",169222,"Yardlong bean, raw",175167,"Fish, salmon, Atlantic, farmed, raw",claude_proposed,raw/plain form chosen,20.42,0.0,9.0,0.34,27.0,363.0,0.36,58.0,3.9,26.0,3.23,40.84,0.0,1.8888888888888888,0.6923076923076923,7.723404255319149,3.2727272727272725,4.333333333333334,6.444444444444445,134.58333333333334,6.5,6.428571428571428,high,low,low,low,low,low,low,low,high,low,low,84,452,fish/seafood,False
943,mace,165.0,170927,"Spices, mace, ground",170935,"Spices, sage, ground",171315,"Spices, allspice, ground",169928,"Peaches, yellow, raw",171686,"Acerola, (west indian cherry), raw",173470,"Thyme, fresh",171316,"Spices, anise seed",168421,"Kale, raw",175301,"Game meat, elk, raw",170920,"Spices, celery seed",170927,"Spices, mace, ground",claude_proposed,raw/plain form chosen,6.71,20.2,252.0,13.9,163.0,463.0,2.3,40.0,21.0,76.0,0.0,13.419999999999998,72.14285714285714,77.22222222222223,19.384615384615383,9.851063829787234,20.909090909090907,23.333333333333332,4.444444444444445,0.0,19.0,38.80952380952381,neither,high,high,neither,low,high,high,low,low,neither,high,21,118,spice,True
944,oyster,81.54,174483,"Ostrich, fan, raw",172844,"Ostrich, round, raw",174481,"Ostrich, ground, raw",174487,"Ostrich, oyster, raw",174489,"Ostrich, top loin, raw",172839,"Ostrich, inside leg, raw",172845,"Ostrich, tenderloin, raw",174484,"Ostrich, outside leg, raw",172846,"Ostrich, tip trimmed, raw",172841,"Ostrich, inside strip, raw",171978,"Mollusks, oyster, eastern, wild, raw",claude_proposed,raw/plain form chosen,5.71,0.0,59.0,4.61,18.0,156.0,39.3,13.0,0.0,7.0,8.75,11.42,0.0,25.61111111111111,4.538461538461538,3.3191489361702122,357.27272727272725,0.0,1.4444444444444444,364.58333333333337,1.7500000000000002,4.285714285714286,neither,low,high,low,low,high,low,low,high,low,low,26,410,fish/seafood,False
976,laurel,72.63,169244,"Lambsquarters, raw",169230,"Garlic, raw",167765,"Watermelon, raw",167745,"Turtle, green, raw",171505,"Turkey, Ground, raw",170284,"Barley, pearled, raw",171083,"Turkey, whole, giblets, raw",172847,"Turkey, ground, fat free, raw",171480,"Turkey, whole, meat only, raw",171490,"Turkey, whole, light meat, raw",170917,"Spices, bay leaf",claude_proposed,raw/plain form chosen,7.61,26.3,834.0,43.0,120.0,529.0,3.7,309.0,46.5,180.0,0.0,15.22,93.92857142857143,238.88888888888889,64.15384615384615,11.25531914893617,33.63636363636363,51.66666666666667,34.333333333333336,0.0,45.0,28.57142857142857,neither,high,high,high,neither,high,high,high,low,high,high,34,2,plant,False
983,elderberry,101.82,171727,"Elderberries, raw",170432,"Pokeberry shoots, (poke), raw",169988,"Celery, raw",171711,"Blueberries, raw",169915,"Oheloberries, raw",169913,"Mulberries, raw",171722,"Cranberries, raw",167755,"Raspberries, raw",173946,"Blackberries, raw",173030,"Gooseberries, raw",171727,"Elderberries, raw",claude_proposed,raw/plain form chosen,0.66,7.0,38.0,1.6,5.0,280.0,0.11,30.0,36.0,6.0,0.0,1.32,25.0,8.88888888888889,2.923076923076923,5.957446808510639,1.0,40.0,3.3333333333333335,0.0,1.5,1.1904761904761905,low,high,low,low,low,low,high,low,low,low,low,68,5,fruit,False
994,blue_cheese,81.54,169979,"Cabbage, chinese (pe-tsai), raw",170390,"Cabbage, chinese (pak-choi), raw",169404,"Broccoli, chinese, raw",167944,"Bread, cheese",173869,"Liver cheese, pork",170375,"Beet greens, raw",169247,"Lettuce, cos or romaine, raw",171711,"Blueberries, raw",169248,"Lettuce, iceberg (includes crisphead types), raw",170069,"Waxgourd, (chinese preserving melon), raw",172175,"Cheese, blue",claude_proposed,raw/plain form chosen,21.4,0.0,528.0,0.31,23.0,256.0,2.66,198.0,0.0,36.0,1.22,42.8,0.0,1.7222222222222223,40.61538461538461,5.446808510638298,24.181818181818183,0.0,22.0,50.83333333333333,9.0,5.476190476190476,high,low,low,high,low,high,low,high,high,low,low,164,396,dairy,False
1000,scallop,86.67,170499,"Shallots, raw",169986,"Cauliflower, raw",169389,"Cauliflower, green, raw",167759,"Sapodilla, raw",168566,"Tomatillos, raw",167760,"Sapote, mamey, raw",169981,"Cardoon, raw",170393,"Carrots, raw",168170,"Roselle, raw",167761,"Soursop, raw",174220,"Mollusks, scallop, mixed species, raw",claude_proposed,raw/plain form chosen,12.06,0.0,6.0,0.38,22.0,205.0,0.91,1.0,0.0,16.0,1.41,24.12,0.0,2.111111111111111,0.46153846153846156,4.361702127659575,8.272727272727273,0.0,0.1111111111111111,58.75,4.0,5.238095238095238,high,low,low,low,low,low,low,low,high,low,low,41,300,fish/seafood,False
1003,provolone_cheese,82.5,169404,"Broccoli, chinese, raw",169329,"Broccoli, leaves, raw",173043,"Groundcherries, (cape-gooseberries or poha), raw",168422,"Mushrooms, Chanterelle, raw",169928,"Peaches, yellow, raw",170026,"Potatoes, flesh and skin, raw",174281,"Yardlong beans, mature seeds, raw",170028,"Potatoes, white, flesh and skin, raw",167749,"Lemon peel, raw",169941,"Persimmons, japanese, raw",170850,"Cheese, provolone",claude_proposed,raw/plain form chosen,25.58,0.0,756.0,0.52,28.0,138.0,3.23,236.0,0.0,10.0,1.46,51.16,0.0,2.8888888888888893,58.15384615384615,2.9361702127659575,29.363636363636363,0.0,26.222222222222225,60.83333333333334,2.5,6.666666666666667,high,low,low,high,low,high,low,high,high,low,low,139,168,dairy,False
1008,buttermilk,83.16,170385,"Butterbur, (fuki), raw",173410,"Butter, salted",173430,"Butter, without salt",173412,"Butter oil, anhydrous",173411,"Butter, whipped, with salt",171314,"Butter, Clarified butter (ghee)",173581,"Butter, light, stick, with salt",172344,"Butter, light, stick, without salt",167765,"Watermelon, raw",169894,"Butter replacement, without fat, powder",170874,"Milk, buttermilk, fluid, cultured, lowfat",claude_proposed,raw/plain form chosen,3.31,0.0,116.0,0.05,11.0,151.0,0.42,14.0,1.0,5.0,0.22,6.619999999999999,0.0,0.2777777777777778,8.923076923076923,3.2127659574468086,3.818181818181818,1.1111111111111112,1.5555555555555556,9.166666666666668,1.25,2.619047619047619,low,low,low,low,low,low,low,low,low,low,low,12,1637,dairy,False
1012,vinegar,135.0,173469,"Vinegar, cider",172241,"Vinegar, balsamic",172240,"Vinegar, red wine",172237,"Vinegar, distilled",169231,"Ginger root, raw",174471,"Guinea hen, meat only, raw",172416,"Guinea hen, meat and skin, raw",169129,"Pitanga, (surinam-cherry), raw",170474,"Vinespinach, (basella), raw",175290,"Veal, ground, raw",172237,"Vinegar, distilled",claude_proposed,raw/plain form chosen,0.0,0.0,6.0,0.03,1.0,2.0,0.01,0.0,0.0,0.0,0.0,0.0,0.0,0.16666666666666666,0.46153846153846156,0.0425531914893617,0.09090909090909091,0.0,0.0,0.0,0.0,0.2380952380952381,low,low,low,low,low,low,low,low,low,low,low,33,8097,plant derivative,False
1022,potato_chip,92.0,170028,"Potatoes, white, flesh and skin, raw",170026,"Potatoes, flesh and skin, raw",170032,"Potatoes, raw, skin",170029,"Potatoes, red, flesh and skin, raw",172846,"Ostrich, tip trimmed, raw",170027,"Potatoes, russet, flesh and skin, raw (Includes foods for USDA's Food Distribution Program)",171608,"Potato soup, instant, dry mix",169303,"Sweet potato leaves, raw",168482,"Sweet potato, raw, unprepared (Includes foods for USDA's Food Distribution Program)",170434,"Potatoes, white, flesh and skin, baked",169677,"Snacks, potato chips, plain, salted",claude_proposed,raw/plain form chosen,6.39,3.1,21.0,1.28,63.0,1196.0,1.09,0.0,21.6,29.0,0.0,12.78,11.071428571428573,7.111111111111111,1.6153846153846154,25.4468085106383,9.90909090909091,24.000000000000004,0.0,0.0,7.249999999999999,15.0,neither,neither,low,low,high,low,high,low,low,low,neither,33,65,vegetable,False
1026,black_currant,76.0,173964,"Currants, red and white, raw",173946,"Blackberries, raw",175189,"Beans, cranberry (roman), mature seeds, raw",172657,"Lamb, Australian, imported, fresh, seam fat, raw",172608,"Lamb, Australian, ground,  85% lean / 15% fat, raw",174892,"Lamb, Australian, imported, fresh, external fat, raw",172572,"Lamb, Australian, imported, fresh, separable fat, raw",172588,"Lamb, Australian, imported, fresh, loin, separable lean only, trimmed to 1/8"" fat, raw",172586,"Lamb, Australian, imported, fresh, loin, separable lean and fat, trimmed to 1/8"" fat, raw",174401,"Lamb, Australian, imported, fresh, foreshank, separable lean only, trimmed to 1/8"" fat, raw",173963,"Currants, european black, raw",claude_proposed,raw/plain form chosen,1.4,,55.0,1.54,24.0,322.0,0.27,12.0,181.0,,0.0,2.8,,8.555555555555555,4.230769230769231,6.8510638297872335,2.4545454545454546,201.11111111111111,1.3333333333333335,0.0,,5.714285714285714,low,,low,low,low,low,high,low,low,,low,88,11,fruit,False
1044,cucumber,155.0,169225,"Cucumber, peeled, raw",168409,"Cucumber, with peel, raw",168151,"Jujube, raw",169990,"Celtuce, raw",169913,"Mulberries, raw",169988,"Celery, raw",171711,"Blueberries, raw",169986,"Cauliflower, raw",171722,"Cranberries, raw",169389,"Cauliflower, green, raw",168409,"Cucumber, with peel, raw",claude_proposed,raw/plain form chosen,0.65,0.5,16.0,0.28,13.0,147.0,0.2,5.0,2.8,7.0,0.0,1.3,1.7857142857142856,1.5555555555555556,1.2307692307692308,3.127659574468085,1.8181818181818183,3.111111111111111,0.5555555555555556,0.0,1.7500000000000002,3.0952380952380953,low,low,low,low,low,low,low,low,low,low,low,23,1908,vegetable,False
1045,pimento,128.0,168559,"Pimento, canned",172436,"Pigeon peas (red gram), mature seeds, raw",173475,"Spearmint, fresh",167754,"Pummelo, raw",174263,"Peanuts, spanish, raw",172432,"Peanuts, valencia, raw",172434,"Peanuts, virginia, raw",172430,"Peanuts, all types, raw",173474,"Peppermint, fresh",174473,"Pheasant, raw, meat only",168559,"Pimento, canned",claude_proposed,raw/plain form chosen,1.1,1.9,6.0,1.68,6.0,158.0,0.19,133.0,84.9,6.0,0.0,2.2,6.785714285714286,9.333333333333332,0.46153846153846156,3.361702127659574,1.7272727272727273,94.33333333333334,14.777777777777779,0.0,1.5,1.4285714285714286,low,low,low,low,low,low,high,neither,low,low,low,13,270,spice,True
1054,roasted_pork,86.67,173859,"Sausage, pork, chorizo, link or ground, raw",171619,"Bockwurst, pork, veal, raw",168170,"Roselle, raw",168171,"Rose-apples, raw",170502,"Tomatoes, orange, raw",169276,"Radishes, raw",168419,"Jute, potherb, raw",170032,"Potatoes, raw, skin",170029,"Potatoes, red, flesh and skin, raw",170457,"Tomatoes, red, ripe, raw, year round average",167818,"Pork, fresh, loin, whole, separable lean and fat, raw",claude_proposed,raw pork used for roasted,19.74,0.0,18.0,0.79,21.0,356.0,1.74,2.0,0.6,1.0,0.53,39.48,0.0,4.388888888888889,1.3846153846153846,7.574468085106383,15.818181818181817,0.6666666666666666,0.2222222222222222,22.083333333333336,0.25,5.0,high,low,low,low,low,neither,low,low,high,low,low,119,125,meat,False
1062,kumquat,148.33,168154,"Kumquats, raw",169908,"Loquats, raw",169244,"Lambsquarters, raw",172419,"Quail, meat only, raw",172418,"Quail, meat and skin, raw",172829,"Quail, breast, meat only, raw",171079,"Squab, (pigeon), meat only, raw",174475,"Squab, (pigeon), meat and skin, raw",171080,"Squab, (pigeon), light meat without skin, raw",168472,"Squash, winter, acorn, raw",168154,"Kumquats, raw",claude_proposed,raw/plain form chosen,1.88,6.5,62.0,0.86,20.0,186.0,0.17,15.0,43.9,17.0,0.0,3.7599999999999993,23.214285714285715,4.777777777777778,4.769230769230769,3.957446808510638,1.5454545454545454,48.77777777777778,1.6666666666666667,0.0,4.25,4.761904761904762,low,high,low,low,low,low,high,low,low,low,low,11,33,fruit,False
1088,pea,140.71,170419,"Peas, green, raw",170010,"Peas, edible-podded, raw",170422,"Peas, mature seeds, sprouted, raw",172428,"Peas, green, split, mature seeds, raw",169118,"Pears, raw",168177,"Pears, asian, raw",167777,"Pears, raw, red anjou",167778,"Pears, raw, bosc (Includes foods for USDA's Food Distribution Program)",167776,"Pears, raw, bartlett (Includes foods for USDA's Food Distribution Program)",167779,"Pears, raw, green anjou (Includes foods for USDA's Food Distribution Program)",170419,"Peas, green, raw",claude_proposed,raw/plain form chosen,5.42,5.7,25.0,1.47,33.0,244.0,1.24,38.0,40.0,65.0,0.0,10.84,20.357142857142858,8.166666666666666,1.9230769230769231,5.191489361702128,11.272727272727273,44.44444444444444,4.222222222222222,0.0,16.25,7.857142857142857,neither,high,low,low,low,neither,high,low,low,neither,low,68,1190,vegetable,False
1094,raspberry,121.0,168217,Raspberry juice concentrate,167755,"Raspberries, raw",170432,"Pokeberry shoots, (poke), raw",171722,"Cranberries, raw",167808,"Raspberries, puree, seedless",167809,"Raspberries, puree, with seeds",168575,"Grape leaves, raw",167762,"Strawberries, raw",173040,"Grapes, muscadine, raw",174682,"Grapes, american type (slip skin), raw",167755,"Raspberries, raw",claude_proposed,raw/plain form chosen,1.2,6.5,25.0,0.69,22.0,151.0,0.42,2.0,26.2,21.0,0.0,2.4,23.214285714285715,3.833333333333333,1.9230769230769231,3.2127659574468086,3.818181818181818,29.11111111111111,0.2222222222222222,0.0,5.25,5.238095238095238,low,high,low,low,low,low,high,low,low,low,low,130,786,fruit,False
1096,smoked_salmon,86.67,173689,"Fish, salmon, chum, raw",175138,"Fish, salmon, pink, raw",173688,"Fish, salmon, chinook, raw",173691,"Fish, salmon, sockeye, raw",175136,"Fish, salmon, coho, wild, raw",173715,"Fish, salmon, coho, farmed, raw",173686,"Fish, salmon, Atlantic, wild, raw",175167,"Fish, salmon, Atlantic, farmed, raw",169410,"Seeds, sesame butter, tahini, from raw and stone ground kernels",174212,"Mollusks, abalone, mixed species, raw",171985,"Fish, salmon, chinook, smoked, (lox), regular",claude_proposed,raw/plain form chosen,18.28,0.0,11.0,0.85,18.0,175.0,0.31,26.0,0.0,2.0,3.26,36.56,0.0,4.722222222222222,0.8461538461538461,3.723404255319149,2.8181818181818183,0.0,2.888888888888889,135.83333333333334,0.5,4.285714285714286,high,low,low,low,low,low,low,low,high,low,low,85,100,fish/seafood,False
1098,oatmeal,78.82,167765,"Watermelon, raw",170073,"Yambean (jicama), raw",175290,"Veal, ground, raw",175301,"Game meat, elk, raw",173845,"Game meat, bear, raw",173855,"Game meat, deer, raw",175303,"Game meat, goat, raw",175086,"Game meat, horse, raw",174344,"Game meat, moose, raw",175294,"Game meat, beaver, raw",173904,"Cereals, oats, regular and quick, not fortified, dry",claude_proposed,dry oats used,13.15,10.1,52.0,4.25,138.0,362.0,3.64,0.0,0.0,32.0,0.0,26.3,36.07142857142857,23.61111111111111,4.0,7.702127659574468,33.09090909090909,0.0,0.0,0.0,8.0,32.857142857142854,high,high,high,low,low,high,low,low,low,low,high,19,61,cereal/crop,False
1114,green_bell_pepper,71.61,173855,"Game meat, deer, raw",172602,"Game meat, deer, ground, raw",174697,"Beef, ribeye  petite roast/filet, boneless, separable lean only, trimmed to 0"" fat, choice, raw",174698,"Beef, ribeye  petite roast/filet, boneless, separable lean only, trimmed to 0"" fat, select, raw",174696,"Beef, ribeye  petite roast/filet, boneless, separable lean only, trimmed to 0"" fat, all grades, raw",169103,"Orange peel, raw",168575,"Grape leaves, raw",175294,"Game meat, beaver, raw",168621,"Beef, rib eye, small end (ribs 10-12), separable lean only, trimmed to 0"" fat, select, raw",173380,"Beef, rib eye steak, boneless, lip off, separable lean only, trimmed to 0"" fat, choice, raw",170427,"Peppers, sweet, green, raw",claude_proposed,raw/plain form chosen,0.86,1.7,10.0,0.34,10.0,175.0,0.13,18.0,80.4,10.0,0.0,1.72,6.071428571428571,1.8888888888888888,0.7692307692307693,3.723404255319149,1.1818181818181819,89.33333333333334,2.0,0.0,2.5,2.380952380952381,low,low,low,low,low,low,high,low,low,low,low,37,2590,vegetable,False
1117,cream_cheese,83.33,167944,"Bread, cheese",169979,"Cabbage, chinese (pe-tsai), raw",170390,"Cabbage, chinese (pak-choi), raw",169220,"Cowpeas (blackeyes), immature seeds, raw",174975,"Crackers, cheese, regular",175060,"Crackers, cheese, low sodium",167941,"Crackers, cheese, reduced fat",174084,"Crackers, cheese, whole grain",172206,"Parmesan cheese topping, fat free",167925,"Crackers, cheese, sandwich-type with cheese filling",173418,"Cheese, cream",claude_proposed,raw/plain form chosen,6.15,0.0,97.0,0.11,9.0,132.0,0.5,308.0,0.0,9.0,0.22,12.3,0.0,0.6111111111111112,7.461538461538461,2.8085106382978724,4.545454545454546,0.0,34.22222222222222,9.166666666666668,2.25,2.142857142857143,neither,low,low,low,low,low,low,high,low,low,low,130,2843,dairy,False
1120,apricot,148.33,171697,"Apricots, raw",173940,"Apricots, dehydrated (low-moisture), sulfured, stewed",171702,"Apricots, dehydrated (low-moisture), sulfured, uncooked",171704,"Apricot nectar, canned, with added ascorbic acid",171703,"Apricots, frozen, sweetened",173941,"Apricots, dried, sulfured, uncooked",167768,"Apricots, canned, heavy syrup, drained",173943,"Apricots, dried, sulfured, stewed, with added sugar",173942,"Apricots, dried, sulfured, stewed, without added sugar",171698,"Apricots, canned, water pack, with skin, solids and liquids",171697,"Apricots, raw",claude_proposed,raw/plain form chosen,1.4,2.0,13.0,0.39,10.0,259.0,0.2,96.0,10.0,9.0,0.0,2.8,7.142857142857142,2.166666666666667,1.0,5.51063829787234,1.8181818181818183,11.11111111111111,10.666666666666668,0.0,2.25,2.380952380952381,low,low,low,low,low,low,neither,neither,low,low,low,110,626,fruit,False
1121,peppermint,165.0,173474,"Peppermint, fresh",170931,"Spices, pepper, black",170933,"Spices, pepper, white",170932,"Spices, pepper, red or cayenne",173475,"Spearmint, fresh",172239,"Spearmint, dried",169394,"Pepper, banana, raw",169395,"Peppers, serrano, raw",168576,"Peppers, jalapeno, raw",168578,"Peppers, hungarian, raw",173474,"Peppermint, fresh",claude_proposed,raw/plain form chosen,3.75,8.0,243.0,5.08,80.0,569.0,1.11,212.0,31.8,114.0,0.0,7.5,28.57142857142857,28.22222222222222,18.69230769230769,12.106382978723405,10.090909090909092,35.333333333333336,23.555555555555554,0.0,28.499999999999996,19.047619047619047,low,high,high,neither,neither,neither,high,high,low,high,neither,78,142,herb,True
1125,dill,165.0,172233,"Dill weed, fresh",170925,"Spices, dill seed",171322,"Spices, dill weed, dried",173471,Vanilla extract,172235,"Vanilla extract, imitation, alcohol",172236,"Vanilla extract, imitation, no alcohol",167759,"Sapodilla, raw",169702,"Millet, raw",172232,"Basil, fresh",169726,"Wild rice, raw",172233,"Dill weed, fresh",claude_proposed,raw/plain form chosen,3.46,2.1,208.0,6.59,55.0,738.0,0.91,386.0,85.0,150.0,0.0,6.92,7.5,36.611111111111114,16.0,15.702127659574469,8.272727272727273,94.44444444444444,42.888888888888886,0.0,37.5,13.095238095238097,low,low,high,neither,neither,low,high,high,low,high,neither,41,1111,herb,True
1132,lemon,155.0,167749,"Lemon peel, raw",168573,"Lemon grass (citronella), raw",167747,"Lemon juice, raw",167746,"Lemons, raw, without peel",167801,"Lemon juice from concentrate, bottled, CONCORD",167802,"Lemon juice from concentrate, bottled, REAL LEMON",167748,"Lemon juice from concentrate, canned or bottled",173666,"Lemonade, frozen concentrate, pink",173216,"Lemonade, frozen concentrate, white",174859,"Lemonade, powder, prepared with water",167746,"Lemons, raw, without peel",claude_proposed,raw/plain form chosen,1.1,2.8,26.0,0.6,8.0,138.0,0.06,1.0,53.0,11.0,0.0,2.2,10.0,3.3333333333333335,2.0,2.9361702127659575,0.5454545454545454,58.88888888888889,0.1111111111111111,0.0,2.75,1.9047619047619049,low,neither,low,low,low,low,high,low,low,low,low,77,3066,fruit,False
1133,peach,138.33,169928,"Peaches, yellow, raw",168185,"Peach nectar, canned, with added ascorbic acid",169117,"Peach nectar, canned, with sucralose, without added ascorbic acid",169933,"Peaches, dehydrated (low-moisture), sulfured, stewed",169932,"Peaches, dehydrated (low-moisture), sulfured, uncooked",169934,"Peaches, dried, sulfured, uncooked",169116,"Peaches, frozen, sliced, sweetened",168181,"Peaches, canned, heavy syrup, drained",169929,"Peaches, canned, water pack, solids and liquids",169115,"Peaches, dried, sulfured, stewed, with added sugar",169928,"Peaches, yellow, raw",claude_proposed,raw/plain form chosen,0.91,1.5,6.0,0.25,9.0,190.0,0.17,16.0,6.6,4.0,0.0,1.82,5.357142857142857,1.3888888888888888,0.46153846153846156,4.042553191489362,1.5454545454545454,7.333333333333333,1.7777777777777777,0.0,1.0,2.142857142857143,low,low,low,low,low,low,low,low,low,low,low,74,531,fruit,False
1140,mustard,155.0,169256,"Mustard greens, raw",168438,"Mustard spinach, (tendergreen), raw",170929,"Spices, mustard seed, ground",172234,"Mustard, prepared, yellow",169258,"Mustard greens, frozen, unprepared",170503,"Mustard greens, cooked, boiled, drained, with salt",169257,"Mustard greens, cooked, boiled, drained, without salt",170505,"Mustard spinach, (tendergreen), cooked, boiled, drained, with salt",168439,"Mustard spinach, (tendergreen), cooked, boiled, drained, without salt",170504,"Mustard greens, frozen, cooked, boiled, drained, with salt",172234,"Mustard, prepared, yellow",claude_proposed,raw/plain form chosen,3.74,4.0,63.0,1.61,48.0,152.0,0.64,5.0,0.3,7.0,0.0,7.48,14.285714285714285,8.944444444444445,4.846153846153846,3.234042553191489,5.818181818181818,0.3333333333333333,0.5555555555555556,0.0,1.7500000000000002,11.428571428571429,low,neither,low,low,low,low,low,low,low,low,neither,22,4125,plant derivative,False
1148,emmental_cheese,74.05,170066,"Waterchestnuts, chinese, (matai), raw",170375,"Beet greens, raw",174884,"Veal, seam fat only, raw",169256,"Mustard greens, raw",169928,"Peaches, yellow, raw",170164,"Nuts, chestnuts, chinese, raw",169413,"Nuts, chestnuts, japanese, raw",170575,"Nuts, chestnuts, european, raw, peeled",170574,"Nuts, chestnuts, european, raw, unpeeled",175266,"Veal, composite of trimmed retail cuts, separable fat, raw",171251,"Cheese, swiss",claude_proposed,emmental approximated by swiss,26.96,0.0,890.0,0.13,33.0,72.0,4.37,288.0,0.0,10.0,3.06,53.92,0.0,0.7222222222222223,68.46153846153847,1.5319148936170213,39.72727272727273,0.0,32.0,127.50000000000001,2.5,7.857142857142857,high,low,low,high,low,high,low,high,high,low,low,127,1,dairy,False
1152,wheat_bread,89.23,174474,"Pheasant, breast, meat only, raw",174392,"Veal, breast, whole, boneless, separable lean and fat, raw",174473,"Pheasant, raw, meat only",174472,"Pheasant, raw, meat and skin",169722,"Wheat bran, crude",169203,"Arrowhead, raw",173843,"Veal, cubed for stew (leg and shoulder), separable lean only, raw",169719,"Wheat, hard white",168889,"Wheat, hard red spring",168890,"Wheat, hard red winter",172688,"Bread, whole-wheat, commercially prepared",claude_proposed,raw/plain form chosen,12.45,6.0,161.0,2.47,75.0,254.0,1.77,0.0,0.0,42.0,0.0,24.9,21.428571428571427,13.722222222222225,12.384615384615385,5.404255319148936,16.090909090909093,0.0,0.0,0.0,10.5,17.857142857142858,high,high,neither,neither,low,neither,low,low,low,neither,neither,90,84,cereal/crop,False
1160,peanut,147.31,174263,"Peanuts, spanish, raw",172432,"Peanuts, valencia, raw",172434,"Peanuts, virginia, raw",172430,"Peanuts, all types, raw",172457,"Peanut spread, reduced sugar",169869,"Peanut butter, reduced sodium",172471,"Peanut butter with omega-3, creamy",172458,"Peanut butter, smooth, reduced fat",174265,"Peanut butter, chunk style, with salt",172469,"Peanut butter, chunk style, without salt",172430,"Peanuts, all types, raw",claude_proposed,raw/plain form chosen,25.8,8.5,92.0,4.58,168.0,705.0,3.27,0.0,0.0,240.0,0.0,51.6,30.357142857142854,25.444444444444446,7.076923076923077,15.0,29.72727272727273,0.0,0.0,0.0,60.0,40.0,high,high,high,low,neither,high,low,low,low,high,high,97,512,nut/seed/pulse,False
1174,asparagus,155.0,168389,"Asparagus, raw",169208,"Asparagus, frozen, unprepared",169207,"Asparagus, canned, drained solids",168390,"Asparagus, cooked, boiled, drained",169313,"Asparagus, cooked, boiled, drained, with salt",169206,"Asparagus, canned, regular pack, solids and liquids",169314,"Asparagus, canned, no salt added, solids and liquids",168494,"Asparagus, frozen, cooked, boiled, drained, with salt",169209,"Asparagus, frozen, cooked, boiled, drained, without salt",169926,"Papayas, raw",168389,"Asparagus, raw",claude_proposed,raw/plain form chosen,2.2,2.1,24.0,2.14,14.0,202.0,0.54,38.0,5.6,52.0,0.0,4.4,7.5,11.88888888888889,1.8461538461538463,4.297872340425532,4.909090909090909,6.222222222222222,4.222222222222222,0.0,13.0,3.3333333333333335,low,low,neither,low,low,low,low,low,low,neither,low,63,461,vegetable,False
1182,tarragon,158.0,170937,"Spices, tarragon, dried",169308,"Taro, raw",168487,"Taro leaves, raw",168489,"Taro shoots, raw",169310,"Taro, tahitian, raw",170934,"Spices, saffron",170919,"Spices, cardamom",169981,"Cardoon, raw",170393,"Carrots, raw",168568,"Carrots, baby, raw",170937,"Spices, tarragon, dried",claude_proposed,raw/plain form chosen,22.77,7.4,1139.0,32.3,347.0,3020.0,3.9,210.0,50.0,274.0,0.0,45.54,26.42857142857143,179.44444444444443,87.61538461538461,64.25531914893618,35.45454545454545,55.55555555555556,23.333333333333332,0.0,68.5,82.61904761904762,high,high,high,high,high,high,high,high,low,high,high,10,478,herb,True
1183,soy_sauce,135.0,174278,Soy sauce made from soy (tamari),174277,Soy sauce made from soy and wheat (shoyu),174279,Soy sauce made from hydrolyzed vegetable protein,172473,"Soy sauce made from soy and wheat (shoyu), low sodium",172474,"Soy sauce, reduced sodium, made from hydrolyzed vegetable protein",175150,"Fish, sucker, white, raw",172445,"Soy meal, defatted, raw",174270,"Soybeans, mature seeds, raw",169284,"Soybeans, mature seeds, sprouted, raw",174273,"Soy flour, full-fat, raw",174277,Soy sauce made from soy and wheat (shoyu),claude_proposed,raw/plain form chosen,8.14,0.8,33.0,1.45,74.0,435.0,0.87,0.0,0.0,14.0,0.0,16.28,2.857142857142857,8.055555555555555,2.5384615384615383,9.25531914893617,7.909090909090908,0.0,0.0,0.0,3.5000000000000004,17.61904761904762,neither,low,low,low,low,low,low,low,low,low,neither,10,3828,plant derivative,False
1193,buckwheat,135.0,170286,Buckwheat,170685,"Buckwheat groats, roasted, dry",170687,"Buckwheat flour, whole-groat",170686,"Buckwheat groats, roasted, cooked",171619,"Bockwurst, pork, veal, raw",167714,"Hearts of palm, raw",169721,"Wheat, durum",169725,"Wheat, sprouted",168892,"Wheat germ, crude",169719,"Wheat, hard white",170286,Buckwheat,claude_proposed,raw/plain form chosen,13.25,10.0,18.0,2.2,231.0,460.0,2.4,0.0,0.0,30.0,0.0,26.5,35.714285714285715,12.222222222222223,1.3846153846153846,9.787234042553191,21.818181818181817,0.0,0.0,0.0,7.5,55.00000000000001,high,high,neither,low,low,high,low,low,low,low,high,63,90,cereal/crop,False
1194,popcorn,92.73,168538,"Corn, sweet, white, raw",169998,"Corn, sweet, yellow, raw",167812,"Pork, fresh, belly, raw",167902,"Pork, fresh, ground, raw",167811,"Pork, fresh, backfat, raw",168287,"Pork, cured, salt pork, raw",167813,"Pork, fresh, separable fat, raw",169190,"Pork, ground, 96% lean / 4% fat, raw",168372,"Pork, ground, 84% lean / 16% fat, raw",168278,"Pork, cured, breakfast strips, raw or unheated",167959,"Snacks, popcorn, air-popped",claude_proposed,raw/plain form chosen,12.94,14.5,7.0,3.19,144.0,329.0,3.08,10.0,0.0,31.0,0.0,25.88,51.78571428571429,17.72222222222222,0.5384615384615384,7.000000000000001,28.000000000000004,0.0,1.1111111111111112,0.0,7.75,34.285714285714285,high,high,neither,low,low,high,low,low,low,low,high,31,97,cereal/crop,False
1195,mussel,91.43,170383,"Brussels sprouts, raw",167744,"Mollusks, snail, raw",174216,"Mollusks, mussel, blue, raw",174218,"Mollusks, octopus, common, raw",174219,"Mollusks, oyster, Pacific, raw",171983,"Mollusks, whelk, unspecified, raw",174214,"Mollusks, clam, mixed species, raw",174223,"Mollusks, squid, mixed species, raw",171978,"Mollusks, oyster, eastern, wild, raw",174212,"Mollusks, abalone, mixed species, raw",174216,"Mollusks, mussel, blue, raw",claude_proposed,raw/plain form chosen,11.9,0.0,26.0,3.95,34.0,320.0,1.6,48.0,8.0,42.0,12.0,23.8,0.0,21.944444444444443,2.0,6.808510638297872,14.545454545454547,8.88888888888889,5.333333333333334,500.0,10.5,8.095238095238095,high,low,high,low,low,neither,low,low,high,neither,low,17,169,fish/seafood,False
1197,apple,145.91,171689,"Apples, raw, without skin",168202,"Apples, raw, golden delicious, with skin",171688,"Apples, raw, with skin (Includes foods for USDA's Food Distribution Program)",167793,"Apples, raw, fuji, with skin (Includes foods for USDA's Food Distribution Program)",168204,"Apples, raw, gala, with skin (Includes foods for USDA's Food Distribution Program)",168203,"Apples, raw, granny smith, with skin (Includes foods for USDA's Food Distribution Program)",168201,"Apples, raw, red delicious, with skin (Includes foods for USDA's Food Distribution Program)",173928,"Apples, raw, without skin, cooked, boiled",173929,"Apples, raw, without skin, cooked, microwave",171690,"Apples, dehydrated (low moisture), sulfured, stewed",171688,"Apples, raw, with skin (Includes foods for USDA's Food Distribution Program)",claude_proposed,raw/plain form chosen,0.26,2.4,6.0,0.12,5.0,107.0,0.04,3.0,4.6,3.0,0.0,0.52,8.571428571428571,0.6666666666666666,0.46153846153846156,2.276595744680851,0.36363636363636365,5.111111111111111,0.33333333333333337,0.0,0.75,1.1904761904761905,low,low,low,low,low,low,low,low,low,low,low,195,2433,fruit,False
1199,lime,148.0,168156,"Lime juice, raw",168155,"Limes, raw",168157,"Lime juice, canned or bottled, unsweetened",168396,"Lima beans, immature seeds, raw",174252,"Lima beans, large, mature seeds, raw",174255,"Lima beans, thin seeded (baby), mature seeds, raw",174862,"Limeade, frozen concentrate, prepared with water",168421,"Kale, raw",174370,"Lamb, ground, raw",175301,"Game meat, elk, raw",168155,"Limes, raw",claude_proposed,raw/plain form chosen,0.7,2.8,33.0,0.6,6.0,102.0,0.11,2.0,29.1,8.0,0.0,1.4,10.0,3.3333333333333335,2.5384615384615383,2.170212765957447,1.0,32.333333333333336,0.2222222222222222,0.0,2.0,1.4285714285714286,low,neither,low,low,low,low,high,low,low,low,low,63,1165,fruit,False
1201,rutabaga,149.12,168454,"Rutabagas, raw",170528,"Rutabagas, cooked, boiled, drained, with salt",168455,"Rutabagas, cooked, boiled, drained, without salt",169387,"Arugula, raw",169975,"Cabbage, raw",167758,"Rhubarb, raw",169977,"Cabbage, red, raw",170388,"Cabbage, savoy, raw",169129,"Pitanga, (surinam-cherry), raw",169979,"Cabbage, chinese (pe-tsai), raw",168454,"Rutabagas, raw",claude_proposed,raw/plain form chosen,1.08,2.3,43.0,0.44,20.0,305.0,0.24,0.0,25.0,21.0,0.0,2.16,8.214285714285714,2.4444444444444446,3.307692307692308,6.489361702127659,2.1818181818181817,27.77777777777778,0.0,0.0,5.25,4.761904761904762,low,low,low,low,low,low,high,low,low,low,low,11,34,vegetable,False
1204,crab,112.14,171721,"Crabapples, raw",171715,"Carambola, (starfruit), raw",169975,"Cabbage, raw",167758,"Rhubarb, raw",169977,"Cabbage, red, raw",170388,"Cabbage, savoy, raw",173952,"Carissa, (natal-plum), raw",169979,"Cabbage, chinese (pe-tsai), raw",170390,"Cabbage, chinese (pak-choi), raw",171686,"Acerola, (west indian cherry), raw",174204,"Crustaceans, crab, blue, raw",claude_proposed,raw/plain form chosen,18.06,0.0,89.0,0.74,34.0,329.0,3.54,2.0,3.0,44.0,9.0,36.12,0.0,4.111111111111112,6.846153846153847,7.000000000000001,32.18181818181819,3.3333333333333335,0.2222222222222222,375.0,11.0,8.095238095238095,high,low,low,low,low,high,low,low,high,neither,low,31,574,fish/seafood,False
1208,tangerine,149.74,169105,"Tangerines, (mandarin oranges), raw",169925,"Tangerine juice, raw",169924,"Tangerines, (mandarin oranges), canned, light syrup pack",169106,"Tangerines, (mandarin oranges), canned, juice pack",168184,"Tangerines, (mandarin oranges), canned, juice pack, drained",169914,"Nectarines, raw",171722,"Cranberries, raw",167762,"Strawberries, raw",167763,"Tamarinds, raw",169226,"Dandelion greens, raw",169105,"Tangerines, (mandarin oranges), raw",claude_proposed,raw/plain form chosen,0.81,1.8,37.0,0.15,12.0,166.0,0.07,34.0,26.7,16.0,0.0,1.6200000000000003,6.42857142857143,0.8333333333333334,2.8461538461538463,3.5319148936170213,0.6363636363636364,29.666666666666664,3.7777777777777777,0.0,4.0,2.857142857142857,low,low,low,low,low,low,high,low,low,low,low,62,52,fruit,False
1216,carrot,147.31,170393,"Carrots, raw",168568,"Carrots, baby, raw",170500,"Carrot, dehydrated",170491,"Carrot juice, canned",169339,"Carrots, cooked, boiled, drained, with salt",170396,"Carrots, canned, regular pack, drained solids",168518,"Carrots, canned, no salt added, drained solids",170394,"Carrots, cooked, boiled, drained, without salt",170395,"Carrots, canned, regular pack, solids and liquids",169340,"Carrots, canned, no salt added, solids and liquids",170393,"Carrots, raw",claude_proposed,raw/plain form chosen,0.93,2.8,33.0,0.3,12.0,320.0,0.24,835.0,5.9,19.0,0.0,1.86,10.0,1.6666666666666667,2.5384615384615383,6.808510638297872,2.1818181818181817,6.555555555555556,92.77777777777779,0.0,4.75,2.857142857142857,low,neither,low,low,low,low,low,high,low,low,low,40,3717,vegetable,False
1221,lamb,155.0,174370,"Lamb, ground, raw",174444,"Lamb, New Zealand, imported, heart, raw",172615,"Lamb, New Zealand, imported, liver, raw",174437,"Lamb, New Zealand, imported, brains, raw",174442,"Lamb, New Zealand, imported, kidney, raw",172619,"Lamb, New Zealand, imported, testes, raw",174446,"Lamb, New Zealand, imported, sweetbread, raw",172617,"Lamb, New Zealand, imported, ground lamb, raw",172525,"Lamb, variety meats and by-products, brain, raw",172527,"Lamb, variety meats and by-products, heart, raw",172479,"Lamb, composite of trimmed retail cuts, separable lean and fat, trimmed to 1/4"" fat, choice, raw",claude_proposed,raw/plain form chosen,16.88,0.0,12.0,1.57,22.0,230.0,3.33,0.0,0.0,18.0,2.39,33.76,0.0,8.722222222222223,0.9230769230769231,4.8936170212765955,30.272727272727273,0.0,0.0,99.58333333333334,4.5,5.238095238095238,high,low,low,low,low,high,low,low,high,low,low,66,488,meat,False
1224,rhubarb,155.0,167758,"Rhubarb, raw",168168,"Rhubarb, frozen, uncooked",168169,"Rhubarb, frozen, cooked, with sugar",168454,"Rutabagas, raw",169991,"Chard, swiss, raw",168175,"Sugar-apples, (sweetsop), raw",171079,"Squab, (pigeon), meat only, raw",174475,"Squab, (pigeon), meat and skin, raw",171080,"Squab, (pigeon), light meat without skin, raw",169210,"Bamboo shoots, raw",167758,"Rhubarb, raw",claude_proposed,raw/plain form chosen,0.9,1.8,86.0,0.22,12.0,288.0,0.1,5.0,8.0,7.0,0.0,1.8000000000000003,6.42857142857143,1.2222222222222223,6.615384615384616,6.127659574468085,0.9090909090909092,8.88888888888889,0.5555555555555556,0.0,1.7500000000000002,2.857142857142857,low,low,low,low,low,low,low,low,low,low,low,11,169,vegetable,False
1232,kohlrabi,155.0,168424,"Kohlrabi, raw",169357,"Kohlrabi, cooked, boiled, drained, with salt",168425,"Kohlrabi, cooked, boiled, drained, without salt",169260,"Okra, raw",174370,"Lamb, ground, raw",169915,"Oheloberries, raw",174444,"Lamb, New Zealand, imported, heart, raw",172615,"Lamb, New Zealand, imported, liver, raw",174437,"Lamb, New Zealand, imported, brains, raw",174442,"Lamb, New Zealand, imported, kidney, raw",168424,"Kohlrabi, raw",claude_proposed,raw/plain form chosen,1.7,3.6,24.0,0.4,19.0,350.0,0.03,2.0,62.0,16.0,0.0,3.4000000000000004,12.85714285714286,2.2222222222222223,1.8461538461538463,7.446808510638298,0.2727272727272727,68.88888888888889,0.2222222222222222,0.0,4.0,4.523809523809524,low,neither,low,low,low,low,high,low,low,low,low,28,6,vegetable,False
1233,cardamom,165.0,170919,"Spices, cardamom",171715,"Carambola, (starfruit), raw",169981,"Cardoon, raw",170918,"Spices, caraway seed",169991,"Chard, swiss, raw",171320,"Spices, cinnamon, ground",173634,"Canada Goose, breast meat only, skinless, raw",170393,"Carrots, raw",168568,"Carrots, baby, raw",173952,"Carissa, (natal-plum), raw",170919,"Spices, cardamom",claude_proposed,raw/plain form chosen,10.76,28.0,383.0,13.97,229.0,1119.0,7.47,0.0,21.0,,0.0,21.52,100.0,77.61111111111111,29.46153846153846,23.80851063829787,67.9090909090909,23.333333333333332,0.0,0.0,,54.52380952380952,high,high,high,high,high,high,high,low,low,,high,52,375,spice,True
1235,mozzarella_cheese,73.33,168384,"Alfalfa seeds, sprouted, raw",168385,"Amaranth leaves, raw",169979,"Cabbage, chinese (pe-tsai), raw",170390,"Cabbage, chinese (pak-choi), raw",167944,"Bread, cheese",172206,"Parmesan cheese topping, fat free",169404,"Broccoli, chinese, raw",170069,"Waxgourd, (chinese preserving melon), raw",171686,"Acerola, (west indian cherry), raw",169220,"Cowpeas (blackeyes), immature seeds, raw",170845,"Cheese, mozzarella, whole milk",claude_proposed,raw/plain form chosen,22.17,0.0,505.0,0.44,20.0,76.0,2.92,179.0,0.0,7.0,2.28,44.34,0.0,2.4444444444444446,38.84615384615385,1.6170212765957446,26.545454545454543,0.0,19.88888888888889,95.0,1.7500000000000002,4.761904761904762,high,low,low,high,low,high,low,neither,high,low,low,132,1291,dairy,False
1237,cabbage,155.0,169975,"Cabbage, raw",169977,"Cabbage, red, raw",170388,"Cabbage, savoy, raw",169979,"Cabbage, chinese (pe-tsai), raw",170390,"Cabbage, chinese (pak-choi), raw",169336,"Cabbage, common (danish, domestic, and pointed types), stored, raw",169335,"Cabbage, common (danish, domestic, and pointed types), freshly harvest, raw",170392,"Cabbage, kimchi",169891,"Cabbage, mustard, salted",169890,"Cabbage, japanese style, fresh, pickled",169975,"Cabbage, raw",claude_proposed,raw/plain form chosen,1.28,2.5,40.0,0.47,12.0,170.0,0.18,5.0,36.6,43.0,0.0,2.56,8.928571428571429,2.6111111111111107,3.076923076923077,3.6170212765957444,1.6363636363636362,40.666666666666664,0.5555555555555556,0.0,10.75,2.857142857142857,low,low,low,low,low,low,high,low,low,neither,low,38,1035,vegetable,False
1238,pork_sausage,135.0,172934,"Pork sausage, link/patty, unprepared",171635,"Pork sausage, link/patty, reduced fat, unprepared",173882,"Pork sausage, reduced sodium, cooked",174578,"Pork sausage, link/patty, cooked, pan-fried",167698,"Pork sausage rice links, brown and serve, cooked",173876,"Pork sausage, link/patty, fully cooked, unheated",172971,"Pork sausage, link/patty, fully cooked, microwaved",171636,"Pork sausage, link/patty, reduced fat, cooked, pan-fried",169187,"Pork, Shoulder breast, boneless, separable lean and fat, raw",168369,"Pork, Shoulder petite tender, boneless, separable lean and fat, raw",172934,"Pork sausage, link/patty, unprepared",claude_proposed,raw/plain form chosen,15.39,0.0,8.0,1.02,15.0,307.0,2.01,27.0,0.0,2.0,0.92,30.78,0.0,5.666666666666667,0.6153846153846154,6.531914893617022,18.27272727272727,0.0,3.0,38.333333333333336,0.5,3.571428571428571,high,low,low,low,low,neither,low,low,high,low,low,119,1371,meat,False
1240,tomato,140.71,170456,"Tomatoes, green, raw",170502,"Tomatoes, orange, raw",170096,"Tomatoes, yellow, raw",170457,"Tomatoes, red, ripe, raw, year round average",170461,Tomato powder,167708,"Tomato and vegetable juice, low sodium",170546,"Tomato products, canned, puree, with salt added",170460,"Tomato products, canned, puree, without salt added",170459,"Tomato products, canned, paste, without salt added (Includes foods for USDA's Food Distribution Program)",170054,"Tomato products, canned, sauce",170457,"Tomatoes, red, ripe, raw, year round average",claude_proposed,raw/plain form chosen,0.88,1.2,10.0,0.27,11.0,237.0,0.17,42.0,13.7,15.0,0.0,1.76,4.285714285714286,1.5000000000000002,0.7692307692307693,5.042553191489361,1.5454545454545454,15.22222222222222,4.666666666666667,0.0,3.75,2.619047619047619,low,low,low,low,low,low,neither,low,low,low,low,150,9978,vegetable,False
1250,peanut_oil,96.19,172430,"Peanuts, all types, raw",174263,"Peanuts, spanish, raw",172417,"Pheasant, leg, meat only, raw",172432,"Peanuts, valencia, raw",172434,"Peanuts, virginia, raw",170010,"Peas, edible-podded, raw",174262,"Peanuts, all types, dry-roasted, with salt",174261,"Peanuts, all types, oil-roasted, with salt",173806,"Peanuts, all types, dry-roasted, without salt",175258,"Peanuts, all types, oil-roasted, without salt",171410,"Oil, peanut, salad or cooking",claude_proposed,raw/plain form chosen,0.0,0.0,0.0,0.03,0.0,0.0,0.01,0.0,0.0,0.0,0.0,0.0,0.0,0.16666666666666666,0.0,0.0,0.09090909090909091,0.0,0.0,0.0,0.0,0.0,low,low,low,low,low,low,low,low,low,low,low,18,312,plant derivative,False
1255,walnut,81.54,174263,"Peanuts, spanish, raw",172432,"Peanuts, valencia, raw",172434,"Peanuts, virginia, raw",172430,"Peanuts, all types, raw",170157,"Nuts, acorns, raw",170162,"Nuts, cashew nuts, raw",170584,"Nuts, ginkgo nuts, raw",170169,"Nuts, coconut meat, raw",170178,"Nuts, macadamia nuts, raw",170184,"Nuts, pistachio nuts, raw",170187,"Nuts, walnuts, english",claude_proposed,raw/plain form chosen,15.23,6.7,98.0,2.91,158.0,441.0,3.09,1.0,1.3,98.0,0.0,30.459999999999997,23.92857142857143,16.166666666666668,7.538461538461538,9.382978723404255,28.09090909090909,1.4444444444444446,0.1111111111111111,0.0,24.5,37.61904761904762,high,high,neither,low,low,high,low,low,low,high,high,15,2746,nut/seed/pulse,False
1257,orange,155.0,169103,"Orange peel, raw",169098,"Orange juice, raw (Includes foods for USDA's Food Distribution Program)",169918,"Oranges, raw, Florida",169919,"Oranges, raw, with peel",169916,"Oranges, raw, California, valencias",169097,"Oranges, raw, all commercial varieties",169917,"Oranges, raw, navels (Includes foods for USDA's Food Distribution Program)",167792,Orange Pineapple Juice Blend,169099,"Orange juice, canned, unsweetened",169100,"Orange juice, chilled, includes from concentrate",169097,"Oranges, raw, all commercial varieties",claude_proposed,raw/plain form chosen,0.94,2.4,40.0,0.1,10.0,181.0,0.07,11.0,53.2,30.0,0.0,1.8799999999999997,8.571428571428571,0.5555555555555556,3.076923076923077,3.851063829787234,0.6363636363636364,59.111111111111114,1.2222222222222223,0.0,7.5,2.380952380952381,low,low,low,low,low,low,high,low,low,low,low,127,1728,fruit,False
1258,roasted_pecan,78.33,168171,"Rose-apples, raw",174682,"Grapes, american type (slip skin), raw",173963,"Currants, european black, raw",170456,"Tomatoes, green, raw",170552,"Seeds, breadnut tree seeds, raw",168872,"Oat bran, raw",168170,"Roselle, raw",169103,"Orange peel, raw",174483,"Ostrich, fan, raw",170502,"Tomatoes, orange, raw",170183,"Nuts, pecans, dry roasted, without salt added",claude_proposed,raw/plain form chosen,9.5,9.4,72.0,2.8,132.0,424.0,5.07,7.0,0.7,16.0,0.0,19.0,33.57142857142858,15.555555555555555,5.538461538461538,9.02127659574468,46.09090909090909,0.7777777777777778,0.7777777777777778,0.0,4.0,31.428571428571427,neither,high,neither,low,low,high,low,low,low,low,high,50,1,nut/seed/pulse,False
1267,coriander,165.0,170922,"Spices, coriander seed",170921,"Spices, coriander leaf, dried",169997,"Coriander (cilantro) leaves, raw",169103,"Orange peel, raw",170926,"Spices, ginger, ground",169918,"Oranges, raw, Florida",169919,"Oranges, raw, with peel",169916,"Oranges, raw, California, valencias",169097,"Oranges, raw, all commercial varieties",169917,"Oranges, raw, navels (Includes foods for USDA's Food Distribution Program)",170922,"Spices, coriander seed",claude_proposed,raw/plain form chosen,12.37,41.9,709.0,16.32,330.0,1267.0,4.7,0.0,21.0,0.0,0.0,24.74,149.64285714285714,90.66666666666667,54.53846153846153,26.95744680851064,42.727272727272734,23.333333333333332,0.0,0.0,0.0,78.57142857142857,high,high,high,high,high,high,high,low,low,low,high,52,1679,spice,True
1281,barley,155.0,170284,"Barley, pearled, raw",170283,"Barley, hulled",169740,Barley malt flour,169739,Barley flour or meal,170285,"Barley, pearled, cooked",168421,"Kale, raw",170416,"Parsley, fresh",170481,"Borage, raw",169988,"Celery, raw",169230,"Garlic, raw",170284,"Barley, pearled, raw",claude_proposed,raw/plain form chosen,9.91,15.6,29.0,2.5,79.0,280.0,2.13,1.0,0.0,23.0,0.0,19.82,55.714285714285715,13.88888888888889,2.230769230769231,5.957446808510639,19.363636363636363,0.0,0.1111111111111111,0.0,5.75,18.80952380952381,neither,high,neither,low,low,neither,low,low,low,low,neither,14,267,cereal/crop,False
1292,bell_pepper,74.55,170106,"Peppers, hot chili, red, raw",170497,"Peppers, hot chili, green, raw",168393,"Balsam-pear (bitter gourd), pods, raw",168391,"Balsam-pear (bitter gourd), leafy tips, raw",169394,"Pepper, banana, raw",170108,"Peppers, sweet, red, raw",170427,"Peppers, sweet, green, raw",169383,"Peppers, sweet, yellow, raw",174882,"Veal, external fat only, raw",169124,"Pineapple, raw, all varieties",170108,"Peppers, sweet, red, raw",claude_proposed,raw/plain form chosen,0.99,2.1,7.0,0.43,12.0,211.0,0.25,157.0,127.7,46.0,0.0,1.9799999999999998,7.5,2.388888888888889,0.5384615384615384,4.48936170212766,2.272727272727273,141.88888888888889,17.444444444444446,0.0,11.5,2.857142857142857,low,low,low,low,low,low,high,neither,low,neither,low,66,6006,vegetable,False
1298,romano_cheese,82.07,169404,"Broccoli, chinese, raw",172206,"Parmesan cheese topping, fat free",173043,"Groundcherries, (cape-gooseberries or poha), raw",170457,"Tomatoes, red, ripe, raw, year round average",170069,"Waxgourd, (chinese preserving melon), raw",174989,"Croissants, cheese",168422,"Mushrooms, Chanterelle, raw",167944,"Bread, cheese",170456,"Tomatoes, green, raw",169103,"Orange peel, raw",171249,"Cheese, romano",claude_proposed,raw/plain form chosen,31.8,0.0,1064.0,0.77,41.0,86.0,2.58,96.0,0.0,7.0,1.12,63.6,0.0,4.277777777777778,81.84615384615384,1.8297872340425532,23.454545454545457,0.0,10.666666666666668,46.66666666666667,1.7500000000000002,9.761904761904763,high,low,low,high,low,high,low,neither,high,low,low,135,275,dairy,False
1305,shallot,148.33,170499,"Shallots, raw",170082,"Shallots, freeze-dried",167760,"Sapote, mamey, raw",170402,"Chayote, fruit, raw",173468,"Salt, table",167759,"Sapodilla, raw",169250,"Lotus root, raw",168566,"Tomatillos, raw",169702,"Millet, raw",167714,"Hearts of palm, raw",170499,"Shallots, raw",claude_proposed,raw/plain form chosen,2.5,3.2,37.0,1.2,21.0,334.0,0.4,0.0,8.0,34.0,0.0,5.0,11.428571428571429,6.666666666666667,2.8461538461538463,7.106382978723404,3.6363636363636367,8.88888888888889,0.0,0.0,8.5,5.0,low,neither,low,low,low,low,low,low,low,low,low,14,1310,vegetable,False
1320,clove,155.91,171321,"Spices, cloves, ground",170920,"Spices, celery seed",169988,"Celery, raw",169994,"Chives, raw",170927,"Spices, mace, ground",170922,"Spices, coriander seed",169990,"Celtuce, raw",169986,"Cauliflower, raw",170402,"Chayote, fruit, raw",169389,"Cauliflower, green, raw",171321,"Spices, cloves, ground",claude_proposed,raw/plain form chosen,5.97,33.9,632.0,11.83,259.0,1020.0,2.32,8.0,0.2,25.0,0.0,11.94,121.07142857142857,65.72222222222223,48.61538461538461,21.70212765957447,21.09090909090909,0.2222222222222222,0.8888888888888888,0.0,6.25,61.66666666666667,neither,high,high,high,high,high,low,low,low,low,high,43,10,spice,True
1337,sour_cherry,74.55,167761,"Soursop, raw",169232,"Gourd, white-flowered (calabash), raw",175189,"Beans, cranberry (roman), mature seeds, raw",173669,"Fish, herring, Pacific, raw",175116,"Fish, herring, Atlantic, raw",170069,"Waxgourd, (chinese preserving melon), raw",169187,"Pork, Shoulder breast, boneless, separable lean and fat, raw",168369,"Pork, Shoulder petite tender, boneless, separable lean and fat, raw",174487,"Ostrich, oyster, raw",168287,"Pork, cured, salt pork, raw",173954,"Cherries, sour, red, raw",claude_proposed,raw/plain form chosen,1.0,1.6,16.0,0.32,9.0,173.0,0.1,64.0,10.0,8.0,0.0,2.0,5.714285714285714,1.7777777777777777,1.2307692307692308,3.6808510638297873,0.9090909090909092,11.11111111111111,7.111111111111111,0.0,2.0,2.142857142857143,low,low,low,low,low,low,neither,low,low,low,low,26,50,fruit,False
1338,chicken,155.0,171116,"Chicken, ground, raw",174465,"Chicken, capons, giblets, raw",173641,"Chicken, stewing, giblets, raw",172396,"Chicken, roasting, giblets, raw",171458,"Chicken, heart, all classes, raw",171060,"Chicken, liver, all classes, raw",172402,"Chicken, stewing, meat only, raw",173636,"Chicken, roasting, meat only, raw",171456,"Chicken, gizzard, all classes, raw",173645,"Chicken, capons, meat and skin, raw",171052,"Chicken, broilers or fryers, meat only, raw",claude_proposed,raw/plain form chosen,21.39,0.0,12.0,0.89,25.0,229.0,1.54,16.0,2.3,7.0,0.37,42.78,0.0,4.944444444444445,0.9230769230769231,4.872340425531915,14.000000000000002,2.5555555555555554,1.7777777777777777,15.416666666666668,1.7500000000000002,5.952380952380952,high,low,low,low,low,neither,low,low,neither,low,low,123,5483,meat,False
1348,bean,143.89,169961,"Beans, snap, green, raw",168574,"Beans, fava, in pod, raw",169320,"Beans, snap, yellow, raw",173745,"Beans, navy, mature seeds, raw",173748,"Beans, pink, mature seeds, raw",173734,"Beans, black, mature seeds, raw",175202,"Beans, white, mature seeds, raw",173727,"Beans, adzuki, mature seeds, raw",173738,"Beans, french, mature seeds, raw",173751,"Beans, yellow, mature seeds, raw",175199,"Beans, pinto, mature seeds, raw (Includes foods for USDA's Food Distribution Program)",claude_proposed,generic bean assumed to be a dry bean (pinto),21.42,15.5,113.0,5.07,176.0,1393.0,2.28,0.0,6.3,525.0,0.0,42.84,55.35714285714286,28.166666666666668,8.692307692307692,29.638297872340424,20.727272727272723,6.999999999999999,0.0,0.0,131.25,41.904761904761905,high,high,high,low,high,high,low,low,low,high,high,86,2003,vegetable,False
1356,nutmeg,165.0,171326,"Spices, nutmeg, ground",173470,"Thyme, fresh",170157,"Nuts, acorns, raw",168419,"Jute, potherb, raw",170162,"Nuts, cashew nuts, raw",170584,"Nuts, ginkgo nuts, raw",170169,"Nuts, coconut meat, raw",170178,"Nuts, macadamia nuts, raw",170184,"Nuts, pistachio nuts, raw",170164,"Nuts, chestnuts, chinese, raw",171326,"Spices, nutmeg, ground",claude_proposed,raw/plain form chosen,5.84,20.8,184.0,3.04,183.0,350.0,2.15,5.0,3.0,76.0,0.0,11.68,74.28571428571429,16.88888888888889,14.153846153846153,7.446808510638298,19.545454545454543,3.3333333333333335,0.5555555555555556,0.0,19.0,43.57142857142857,neither,high,neither,neither,low,neither,low,low,low,neither,high,37,2522,spice,True
1370,cauliflower,155.0,169986,"Cauliflower, raw",169389,"Cauliflower, green, raw",170398,"Cauliflower, frozen, unprepared",169391,"Cauliflower, green, cooked, with salt",169390,"Cauliflower, green, cooked, no salt added",168520,"Cauliflower, cooked, boiled, drained, with salt",170397,"Cauliflower, cooked, boiled, drained, without salt",168521,"Cauliflower, frozen, cooked, boiled, drained, with salt",170399,"Cauliflower, frozen, cooked, boiled, drained, without salt",169988,"Celery, raw",169986,"Cauliflower, raw",claude_proposed,raw/plain form chosen,1.92,2.0,22.0,0.42,15.0,299.0,0.27,0.0,48.2,57.0,0.0,3.84,7.142857142857142,2.333333333333333,1.6923076923076923,6.361702127659575,2.4545454545454546,53.55555555555556,0.0,0.0,14.249999999999998,3.571428571428571,low,low,low,low,low,low,high,low,low,neither,low,23,333,vegetable,False
1373,prickly_pear,151.0,167750,"Prickly pears, raw",170284,"Barley, pearled, raw",171458,"Chicken, heart, all classes, raw",168393,"Balsam-pear (bitter gourd), pods, raw",171488,"Turkey, dark meat, meat and skin, raw",172436,"Pigeon peas (red gram), mature seeds, raw",168391,"Balsam-pear (bitter gourd), leafy tips, raw",174507,"Turkey, dark meat from whole, meat only, with added solution, raw",174509,"Turkey, dark meat from whole, meat and skin, with added solution, raw",171697,"Apricots, raw",167750,"Prickly pears, raw",claude_proposed,raw/plain form chosen,0.73,3.6,56.0,0.3,85.0,220.0,0.12,2.0,14.0,6.0,0.0,1.46,12.85714285714286,1.6666666666666667,4.3076923076923075,4.680851063829787,1.0909090909090908,15.555555555555555,0.2222222222222222,0.0,1.5,20.238095238095237,low,neither,low,low,low,low,neither,low,low,low,high,37,20,fruit,False
1375,black_raspberry,86.67,175189,"Beans, cranberry (roman), mature seeds, raw",173778,SILK Raspberry soy yogurt,173946,"Blackberries, raw",173045,"Guavas, strawberry, raw",168393,"Balsam-pear (bitter gourd), pods, raw",168391,"Balsam-pear (bitter gourd), leafy tips, raw",167755,"Raspberries, raw",171619,"Bockwurst, pork, veal, raw",175228,SILK Strawberry soy yogurt,171722,"Cranberries, raw",167755,"Raspberries, raw",claude_proposed,black raspberry approximated by raspberry,1.2,6.5,25.0,0.69,22.0,151.0,0.42,2.0,26.2,21.0,0.0,2.4,23.214285714285715,3.833333333333333,1.9230769230769231,3.2127659574468086,3.818181818181818,29.11111111111111,0.2222222222222222,0.0,5.25,5.238095238095238,low,high,low,low,low,low,high,low,low,low,low,53,8,fruit,False
1379,marjoram,158.0,170928,"Spices, marjoram, dried",170919,"Spices, cardamom",171686,"Acerola, (west indian cherry), raw",170937,"Spices, tarragon, dried",170936,"Spices, savory, ground",169260,"Okra, raw",169308,"Taro, raw",171329,"Spices, paprika",170934,"Spices, saffron",168487,"Taro leaves, raw",170928,"Spices, marjoram, dried",claude_proposed,raw/plain form chosen,12.66,40.3,1990.0,82.71,346.0,1522.0,3.6,403.0,51.4,274.0,0.0,25.319999999999997,143.92857142857142,459.5,153.07692307692307,32.38297872340426,32.72727272727273,57.111111111111114,44.77777777777778,0.0,68.5,82.38095238095238,high,high,high,high,high,high,high,high,low,high,high,20,528,herb,True
1390,cured_pork,86.67,171619,"Bockwurst, pork, veal, raw",173859,"Sausage, pork, chorizo, link or ground, raw",171488,"Turkey, dark meat, meat and skin, raw",174507,"Turkey, dark meat from whole, meat only, with added solution, raw",174509,"Turkey, dark meat from whole, meat and skin, with added solution, raw",168419,"Jute, potherb, raw",173954,"Cherries, sour, red, raw",171725,"Custard-apple, (bullock's-heart), raw",168287,"Pork, cured, salt pork, raw",170199,"Beef, cured, corned beef, brisket, raw",167875,"Pork, cured, ham, whole, separable lean and fat, unheated",claude_proposed,cured pork approximated by ham,18.49,0.0,7.0,0.71,15.0,310.0,1.76,0.0,34.9,1.0,0.74,36.98,0.0,3.944444444444444,0.5384615384615384,6.595744680851063,16.0,38.77777777777778,0.0,30.833333333333336,0.25,3.571428571428571,high,low,low,low,low,neither,high,low,high,low,low,135,315,meat,False
1399,vanilla,165.0,173471,Vanilla extract,172235,"Vanilla extract, imitation, alcohol",172236,"Vanilla extract, imitation, no alcohol",172233,"Dill weed, fresh",170925,"Spices, dill seed",167759,"Sapodilla, raw",172232,"Basil, fresh",171316,"Spices, anise seed",171322,"Spices, dill weed, dried",168384,"Alfalfa seeds, sprouted, raw",173471,Vanilla extract,claude_proposed,raw/plain form chosen,0.06,0.0,11.0,0.12,12.0,148.0,0.11,0.0,0.0,0.0,0.0,0.12,0.0,0.6666666666666666,0.8461538461538461,3.148936170212766,1.0,0.0,0.0,0.0,0.0,2.857142857142857,low,low,low,low,low,low,low,low,low,low,low,78,9040,spice,True
1401,parmesan_cheese,135.0,172206,"Parmesan cheese topping, fat free",170066,"Waterchestnuts, chinese, (matai), raw",169928,"Peaches, yellow, raw",167944,"Bread, cheese",168385,"Amaranth leaves, raw",169979,"Cabbage, chinese (pe-tsai), raw",170390,"Cabbage, chinese (pak-choi), raw",174474,"Pheasant, breast, meat only, raw",169941,"Persimmons, japanese, raw",172417,"Pheasant, leg, meat only, raw",170848,"Cheese, parmesan, hard",claude_proposed,raw/plain form chosen,35.75,0.0,1184.0,0.82,44.0,92.0,2.75,207.0,0.0,7.0,1.2,71.5,0.0,4.555555555555555,91.07692307692308,1.9574468085106382,25.0,0.0,23.0,50.0,1.7500000000000002,10.476190476190476,high,low,low,high,low,high,low,high,high,low,neither,178,3174,dairy,False
1403,pork_liver,97.78,169186,"Pork, Leg Cap Steak, boneless, separable lean and fat, raw",168371,"Pork, Leg sirloin tip roast, boneless, separable lean and fat, raw",168376,"Pork loin, fresh, backribs, bone-in, raw, lean only",169187,"Pork, Shoulder breast, boneless, separable lean and fat, raw",168369,"Pork, Shoulder petite tender, boneless, separable lean and fat, raw",172415,"Goose, liver, raw",171060,"Chicken, liver, all classes, raw",167812,"Pork, fresh, belly, raw",167902,"Pork, fresh, ground, raw",167811,"Pork, fresh, backfat, raw",167862,"Pork, fresh, variety meats and by-products, liver, raw",claude_proposed,raw/plain form chosen,21.39,0.0,9.0,23.3,18.0,273.0,5.76,6502.0,25.3,212.0,26.0,42.78,0.0,129.44444444444446,0.6923076923076923,5.808510638297872,52.36363636363636,28.111111111111114,722.4444444444443,1083.3333333333335,53.0,4.285714285714286,high,low,high,low,low,high,high,high,high,high,low,32,5,meat,False
1407,squid,80.0,172419,"Quail, meat only, raw",172418,"Quail, meat and skin, raw",172829,"Quail, breast, meat only, raw",171079,"Squab, (pigeon), meat only, raw",174475,"Squab, (pigeon), meat and skin, raw",171080,"Squab, (pigeon), light meat without skin, raw",168472,"Squash, winter, acorn, raw",168565,"Squash, zucchini, baby, raw",169289,"Squash, summer, scallop, raw",168475,"Squash, winter, hubbard, raw",174223,"Mollusks, squid, mixed species, raw",claude_proposed,raw/plain form chosen,15.58,0.0,32.0,0.68,33.0,246.0,1.53,10.0,4.7,5.0,1.3,31.16,0.0,3.7777777777777777,2.4615384615384617,5.23404255319149,13.90909090909091,5.222222222222222,1.1111111111111112,54.16666666666667,1.25,7.857142857142857,high,low,low,low,low,neither,low,low,high,low,low,19,238,fish/seafood,False
1412,sesame_seed,80.87,169410,"Seeds, sesame butter, tahini, from raw and stone ground kernels",169280,"Seaweed, agar, raw",168457,"Seaweed, kelp, raw",170095,"Radish seeds, sprouted, raw",175301,"Game meat, elk, raw",168458,"Seaweed, laver, raw",173845,"Game meat, bear, raw",173855,"Game meat, deer, raw",175303,"Game meat, goat, raw",175086,"Game meat, horse, raw",170150,"Seeds, sesame seeds, whole, dried",claude_proposed,raw/plain form chosen,17.73,11.8,975.0,14.55,351.0,468.0,7.75,0.0,0.0,97.0,0.0,35.46,42.142857142857146,80.83333333333333,75.0,9.957446808510637,70.45454545454545,0.0,0.0,0.0,24.25,83.57142857142857,high,high,high,high,low,high,low,low,low,high,high,19,781,nut/seed/pulse,False
1415,fenugreek,165.0,171324,"Spices, fenugreek seed",171323,"Spices, fennel seed",169385,"Fennel, bulb, raw",170926,"Spices, ginger, ground",171326,"Spices, nutmeg, ground",173469,"Vinegar, cider",172241,"Vinegar, balsamic",172240,"Vinegar, red wine",172237,"Vinegar, distilled",169399,"Fireweed, leaves, raw",171324,"Spices, fenugreek seed",claude_proposed,raw/plain form chosen,23.0,24.6,176.0,33.53,191.0,770.0,2.5,3.0,3.0,57.0,0.0,46.0,87.85714285714286,186.2777777777778,13.538461538461538,16.382978723404253,22.727272727272727,3.3333333333333335,0.33333333333333337,0.0,14.249999999999998,45.476190476190474,high,high,high,neither,neither,high,low,low,low,neither,high,13,940,herb,True
1421,broccoli,155.0,170379,"Broccoli, raw",170381,"Broccoli raab, raw",169329,"Broccoli, leaves, raw",169331,"Broccoli, stalks, raw",169404,"Broccoli, chinese, raw",169330,"Broccoli, flower clusters, raw",170382,"Broccoli raab, cooked",169392,"Broccoli, chinese, cooked",169968,"Broccoli, frozen, chopped, unprepared",168510,"Broccoli, cooked, boiled, drained, with salt",170379,"Broccoli, raw",claude_proposed,raw/plain form chosen,2.82,2.6,47.0,0.73,21.0,316.0,0.41,31.0,89.2,63.0,0.0,5.64,9.285714285714286,4.055555555555555,3.6153846153846154,6.723404255319148,3.727272727272727,99.11111111111111,3.4444444444444446,0.0,15.75,5.0,low,low,low,low,low,low,high,low,low,neither,low,12,931,vegetable,False
1422,feta_cheese,78.26,167944,"Bread, cheese",169928,"Peaches, yellow, raw",170375,"Beet greens, raw",168487,"Taro leaves, raw",175144,"Fish, sheepshead, raw",169979,"Cabbage, chinese (pe-tsai), raw",170390,"Cabbage, chinese (pak-choi), raw",170069,"Waxgourd, (chinese preserving melon), raw",169249,"Lettuce, green leaf, raw",174884,"Veal, seam fat only, raw",173420,"Cheese, feta",claude_proposed,raw/plain form chosen,14.21,0.0,493.0,0.65,19.0,62.0,2.88,125.0,0.0,32.0,1.69,28.42,0.0,3.6111111111111116,37.92307692307692,1.3191489361702127,26.18181818181818,0.0,13.88888888888889,70.41666666666667,8.0,4.523809523809524,high,low,low,high,low,high,low,neither,high,low,low,130,623,dairy,False
1435,oat,148.0,168872,"Oat bran, raw",169741,"Oat flour, partially debranned",168873,"Oat bran, cooked",169705,Oats (Includes foods for USDA's Food Distribution Program),169908,"Loquats, raw",169260,"Okra, raw",174597,Roast beef spread,174570,"Roast beef, deli style, prepackaged, sliced",170032,"Potatoes, raw, skin",170456,"Tomatoes, green, raw",173904,"Cereals, oats, regular and quick, not fortified, dry",claude_proposed,raw/plain form chosen,13.15,10.1,52.0,4.25,138.0,362.0,3.64,0.0,0.0,32.0,0.0,26.3,36.07142857142857,23.61111111111111,4.0,7.702127659574468,33.09090909090909,0.0,0.0,0.0,8.0,32.857142857142854,high,high,high,low,low,high,low,low,low,low,high,36,1267,cereal/crop,False
1447,onion,145.91,170000,"Onions, raw",170008,"Onions, sweet, raw",170007,"Onions, welsh, raw",170005,"Onions, spring or scallions (includes tops and bulb), raw",171327,"Spices, onion powder",170414,"Onion rings, breaded, par fried, frozen, unprepared",170004,"Onions, yellow, sauteed",170002,"Onions, dehydrated flakes",170006,"Onions, young green, tops only",170415,"Onion rings, breaded, par fried, frozen, prepared, heated in oven",170000,"Onions, raw",claude_proposed,raw/plain form chosen,1.1,1.7,23.0,0.21,10.0,146.0,0.17,0.0,7.4,19.0,0.0,2.2,6.071428571428571,1.1666666666666665,1.7692307692307692,3.1063829787234045,1.5454545454545454,8.222222222222223,0.0,0.0,4.75,2.380952380952381,low,low,low,low,low,low,low,low,low,low,low,58,18205,vegetable,False
1471,pepper,165.0,170931,"Spices, pepper, black",170933,"Spices, pepper, white",170932,"Spices, pepper, red or cayenne",169394,"Pepper, banana, raw",169395,"Peppers, serrano, raw",168576,"Peppers, jalapeno, raw",168578,"Peppers, hungarian, raw",170108,"Peppers, sweet, red, raw",170427,"Peppers, sweet, green, raw",169383,"Peppers, sweet, yellow, raw",170931,"Spices, pepper, black",claude_proposed,generic pepper assumed to be black pepper,10.39,25.3,443.0,9.71,171.0,1329.0,1.19,27.0,0.0,17.0,0.0,20.78,90.35714285714286,53.94444444444445,34.07692307692308,28.27659574468085,10.818181818181817,0.0,3.0,0.0,4.25,40.714285714285715,high,high,high,high,high,neither,low,low,low,low,high,36,9282,spice,True
1478,black_bean,90.0,168396,"Lima beans, immature seeds, raw",174252,"Lima beans, large, mature seeds, raw",174255,"Lima beans, thin seeded (baby), mature seeds, raw",173946,"Blackberries, raw",175210,"Hyacinth beans, mature seeds, raw",169234,"Hyacinth-beans, immature seeds, raw",168393,"Balsam-pear (bitter gourd), pods, raw",168391,"Balsam-pear (bitter gourd), leafy tips, raw",169222,"Yardlong bean, raw",174256,"Mung beans, mature seeds, raw",173734,"Beans, black, mature seeds, raw",claude_proposed,raw/plain form chosen,21.6,15.5,123.0,5.02,171.0,1483.0,3.65,0.0,0.0,444.0,0.0,43.2,55.35714285714286,27.888888888888886,9.461538461538462,31.553191489361705,33.18181818181818,0.0,0.0,0.0,111.00000000000001,40.714285714285715,high,high,high,low,high,high,low,low,low,high,high,87,495,vegetable,False
1481,cranberry,128.0,168117,"Cranberry juice, unsweetened",173962,"Cranberry-orange relish, canned",171903,"Cranberry juice cocktail, bottled",168212,"Cranberry juice blend, 100% juice, bottled, with added vitamin C and calcium",171904,"Cranberry juice cocktail, bottled, low calorie, with calcium, saccharin and corn sweetener",173961,"Cranberry sauce, canned, sweetened",167803,"Cranberry sauce, whole, canned, OCEAN SPRAY",167804,"Cranberry sauce, jellied, canned, OCEAN SPRAY",173653,"Cranberry juice cocktail, frozen concentrate",173654,"Cranberry juice cocktail, frozen concentrate, prepared with water",171722,"Cranberries, raw",claude_proposed,raw/plain form chosen,0.46,3.6,8.0,0.23,6.0,80.0,0.09,3.0,14.0,1.0,0.0,0.9199999999999999,12.85714285714286,1.277777777777778,0.6153846153846154,1.702127659574468,0.8181818181818181,15.555555555555555,0.33333333333333337,0.0,0.25,1.4285714285714286,low,neither,low,low,low,low,neither,low,low,low,low,102,920,fruit,False
1488,cocoa,135.0,171887,"Cocoa mix, NESTLE, Rich Chocolate Hot Cocoa Mix",169300,"Succotash, (corn and limas), raw",169981,"Cardoon, raw",169993,"Chicory roots, raw",169992,"Chicory greens, raw",170404,"Chicory, witloof, raw",169224,"Cowpeas, leafy tips, raw",171686,"Acerola, (west indian cherry), raw",175208,"Cowpeas, catjang, mature seeds, raw",168405,"Cowpeas, young pods with seeds, raw",169593,"Cocoa, dry powder, unsweetened",claude_proposed,raw/plain form chosen,19.6,37.0,128.0,13.86,499.0,1524.0,6.81,0.0,0.0,32.0,0.0,39.2,132.14285714285714,77.0,9.846153846153847,32.42553191489362,61.9090909090909,0.0,0.0,0.0,8.0,118.80952380952381,high,high,high,low,high,high,low,low,low,low,high,193,4807,plant derivative,False
1494,caviar,81.54,169985,"Cassava, raw",173952,"Carissa, (natal-plum), raw",168150,"Java-plum, (jambolan), raw",169991,"Chard, swiss, raw",169997,"Coriander (cilantro) leaves, raw",173044,"Guavas, common, raw",169401,"Yautia (tannier), raw",173045,"Guavas, strawberry, raw",173634,"Canada Goose, breast meat only, skinless, raw",169986,"Cauliflower, raw",175132,"Fish, roe, mixed species, raw",claude_proposed,raw/plain form chosen,22.32,0.0,22.0,0.6,20.0,221.0,1.0,90.0,16.0,80.0,10.0,44.64,0.0,3.3333333333333335,1.6923076923076923,4.702127659574469,9.090909090909092,17.77777777777778,10.0,416.6666666666667,20.0,4.761904761904762,high,low,low,low,low,low,neither,neither,high,high,low,21,28,fish/seafood,False
1497,sturgeon_caviar,77.14,173701,"Fish, sturgeon, mixed species, raw",171085,"Turkey, gizzard, all classes, raw",171488,"Turkey, dark meat, meat and skin, raw",174507,"Turkey, dark meat from whole, meat only, with added solution, raw",174509,"Turkey, dark meat from whole, meat and skin, with added solution, raw",171631,"Sausage, Italian, pork, mild, raw",171504,"Turkey, mechanically deboned, from turkey frames, raw",169093,"Melons, casaba, raw",169310,"Taro, tahitian, raw",174517,"Turkey, retail parts, wing, meat only, raw",175132,"Fish, roe, mixed species, raw",claude_proposed,raw/plain form chosen,22.32,0.0,22.0,0.6,20.0,221.0,1.0,90.0,16.0,80.0,10.0,44.64,0.0,3.3333333333333335,1.6923076923076923,4.702127659574469,9.090909090909092,17.77777777777778,10.0,416.6666666666667,20.0,4.761904761904762,high,low,low,low,low,low,neither,neither,high,high,low,22,1,fish/seafood,False
1519,cashew,77.14,169276,"Radishes, raw",168451,"Radishes, oriental, raw",170081,"Radishes, white icicle, raw",169300,"Succotash, (corn and limas), raw",169994,"Chives, raw",168472,"Squash, winter, acorn, raw",170095,"Radish seeds, sprouted, raw",168565,"Squash, zucchini, baby, raw",169289,"Squash, summer, scallop, raw",168475,"Squash, winter, hubbard, raw",170162,"Nuts, cashew nuts, raw",claude_proposed,raw/plain form chosen,18.22,3.3,37.0,6.68,292.0,660.0,5.78,0.0,0.5,25.0,0.0,36.44,11.785714285714285,37.111111111111114,2.8461538461538463,14.042553191489363,52.545454545454554,0.5555555555555556,0.0,0.0,6.25,69.52380952380952,high,neither,high,low,neither,high,low,low,low,low,high,16,210,nut/seed/pulse,False
1527,green_tea,80.0,172436,"Pigeon peas (red gram), mature seeds, raw",168575,"Grape leaves, raw",175301,"Game meat, elk, raw",173845,"Game meat, bear, raw",173855,"Game meat, deer, raw",175303,"Game meat, goat, raw",175086,"Game meat, horse, raw",174344,"Game meat, moose, raw",175294,"Game meat, beaver, raw",173853,"Game meat, caribou, raw",171917,"Beverages, tea, green, brewed, regular",claude_proposed,raw/plain form chosen,0.22,0.0,0.0,0.02,1.0,8.0,0.01,0.0,0.0,0.0,0.0,0.44,0.0,0.1111111111111111,0.0,0.1702127659574468,0.09090909090909091,0.0,0.0,0.0,0.0,0.2380952380952381,low,low,low,low,low,low,low,low,low,low,low,197,35,plant derivative,False
1529,munster_cheese,84.29,169256,"Mustard greens, raw",168422,"Mushrooms, Chanterelle, raw",168438,"Mustard spinach, (tendergreen), raw",170069,"Waxgourd, (chinese preserving melon), raw",172838,"Emu, oyster, raw",174487,"Ostrich, oyster, raw",172839,"Ostrich, inside leg, raw",174471,"Guinea hen, meat only, raw",172841,"Ostrich, inside strip, raw",174256,"Mung beans, mature seeds, raw",171245,"Cheese, muenster",claude_proposed,raw/plain form chosen,23.41,0.0,717.0,0.41,27.0,134.0,2.81,298.0,0.0,12.0,1.47,46.82,0.0,2.2777777777777777,55.15384615384615,2.851063829787234,25.545454545454543,0.0,33.111111111111114,61.25000000000001,3.0,6.428571428571428,high,low,low,high,low,high,low,high,high,low,low,127,27,dairy,False
