ahn_id,ahn_name,match_score,cand1_fdc_id,cand1_description,cand2_fdc_id,cand2_description,cand3_fdc_id,cand3_description,cand4_fdc_id,cand4_description,cand5_fdc_id,cand5_description,cand6_fdc_id,cand6_description,cand7_fdc_id,cand7_description,cand8_fdc_id,cand8_description,cand9_fdc_id,cand9_description,cand10_fdc_id,cand10_description,fdc_id,usda_description,reviewer,note
3,mackerel,86.67,171686,"Acerola, (west indian cherry), raw",173946,"Blackberries, raw",171687,"Acerola juice, raw",173257,"Mckee Baking, Little Debbie Nutty Bars, Wafers with Peanut Butter, Chocolate Covered",167765,"Watermelon, raw",171719,"Cherries, sweet, raw",173954,"Cherries, sour, red, raw",174687,"Jackfruit, raw",172750,"Cracker, meal",170927,"Spices, mace, ground",175119,"Fish, mackerel, Atlantic, raw",claude_proposed,raw/plain form chosen
7,black_pepper,84.55,170932,"Spices, pepper, red or cayenne",168393,"Balsam-pear (bitter gourd), pods, raw",168391,"Balsam-pear (bitter gourd), leafy tips, raw",170931,"Spices, pepper, black",170933,"Spices, pepper, white",173946,"Blackberries, raw",173474,"Peppermint, fresh",170106,"Peppers, hot chili, red, raw",170497,"Peppers, hot chili, green, raw",171325,"Spices, garlic powder",170931,"Spices, pepper, black",claude_proposed,raw/plain form chosen
9,peanut_butter,135.0,169869,"Peanut butter, reduced sodium",172471,"Peanut butter with omega-3, creamy",172458,"Peanut butter, smooth, reduced fat",174265,"Peanut butter, chunk style, with salt",172469,"Peanut butter, chunk style, without salt",172470,"Peanut butter, smooth style, without salt",172460,"Peanut butter, chunky, vitamin and mineral fortified",172459,"Peanut butter, smooth, vitamin and mineral fortified",174294,"Peanut Butter, smooth (Includes foods for USDA's Food Distribution Program)",174266,"Peanut butter, smooth style, with salt (Includes foods for USDA's Food Distribution Program)",174266,"Peanut butter, smooth style, with salt (Includes foods for USDA's Food Distribution Program)",claude_proposed,raw/plain form chosen
17,red_bean,93.68,170070,"Winged bean tuber, raw",170478,"Winged bean leaves, raw",174283,"Winged beans, mature seeds, raw",170476,"Winged beans, immature seeds, raw",169222,"Yardlong bean, raw",170552,"Seeds, breadnut tree seeds, raw",174281,"Yardlong beans, mature seeds, raw",172876,"Turkey, breast, from whole bird, meat only, with added solution, raw",174256,"Mung beans, mature seeds, raw",168396,"Lima beans, immature seeds, raw",173727,"Beans, adzuki, mature seeds, raw",claude_proposed,raw/plain form chosen
19,bacon,135.0,172439,"Bacon, meatless",169893,"Bacon bits, meatless",174602,Bacon and beef sticks,171640,"Bacon, turkey, low sodium",171639,"Bacon, turkey, microwaved",174592,"Bacon, turkey, unprepared",168382,"Bacon, pre-sliced, reduced/low sodium, unprepared",168538,"Corn, sweet, white, raw",169998,"Corn, sweet, yellow, raw",169961,"Beans, snap, green, raw",168277,"Pork, cured, bacon, unprepared",claude_proposed,raw/plain form chosen
30,litchi,147.31,169086,"Litchis, raw",169087,"Litchis, dried",168564,"Radicchio, raw",169994,"Chives, raw",169230,"Garlic, raw",167782,"Abiyuch, raw",169990,"Celtuce, raw",172420,"Lentils, raw",168462,"Spinach, raw",174483,"Ostrich, fan, raw",169086,"Litchis, raw",claude_proposed,raw/plain form chosen
41,soybean,148.33,169282,"Soybeans, green, raw",174270,"Soybeans, mature seeds, raw",169284,"Soybeans, mature seeds, sprouted, raw",169083,"Soybean, curd cheese",172441,"Soybeans, mature seeds, dry roasted",172440,"Soybeans, mature seeds, roasted, salted",174300,"Soybeans, mature seeds, roasted, no salt added",174271,"Soybeans, mature cooked, boiled, without salt",174299,"Soybeans, mature seeds, cooked, boiled, with salt",168460,"Soybeans, mature seeds, sprouted, cooked, steamed",174270,"Soybeans, mature seeds, raw",claude_proposed,raw/plain form chosen
46,blueberry,100.0,171711,"Blueberries, raw",170432,"Pokeberry shoots, (poke), raw",173946,"Blackberries, raw",171727,"Elderberries, raw",170385,"Butterbur, (fuki), raw",169988,"Celery, raw",170284,"Barley, pearled, raw",168158,"Blueberries, dried, sweetened",173951,"Blueberries, frozen, sweetened",168179,"Blueberries, canned, light syrup, drained",171711,"Blueberries, raw",claude_proposed,raw/plain form chosen
51,pecan,86.67,170419,"Peas, green, raw",174263,"Peanuts, spanish, raw",172432,"Peanuts, valencia, raw",172434,"Peanuts, virginia, raw",172430,"Peanuts, all types, raw",170010,"Peas, edible-podded, raw",170422,"Peas, mature seeds, sprouted, raw",172428,"Peas, green, split, mature seeds, raw",174473,"Pheasant, raw, meat only",174472,"Pheasant, raw, meat and skin",170182,"Nuts, pecans",claude_proposed,raw/plain form chosen
57,smoked_sausage,81.54,169410,"Seeds, sesame butter, tahini, from raw and stone ground kernels",172934,"Pork sausage, link/patty, unprepared",171635,"Pork sausage, link/patty, reduced fat, unprepared",171618,Blood sausage,173859,"Sausage, pork, chorizo, link or ground, raw",170496,"Seaweed, wakame, raw",169282,"Soybeans, green, raw",174617,"Sausage, turkey, fresh, raw",174600,"Sausage, turkey, breakfast links, mild, raw",173882,"Pork sausage, reduced sodium, cooked",172934,"Pork sausage, link/patty, unprepared",claude_proposed,smoked sausage approximated by pork sausage
64,honey,135.0,172943,"Honey roll sausage, beef",169103,"Orange peel, raw",167791,Horned melon (Kiwano),169993,"Chicory roots, raw",170402,"Chayote, fruit, raw",169992,"Chicory greens, raw",170404,"Chicory, witloof, raw",169918,"Oranges, raw, Florida",169919,"Oranges, raw, with peel",172445,"Soy meal, defatted, raw",169640,Honey,claude_proposed,raw/plain form chosen
69,cottage_cheese,88.97,169979,"Cabbage, chinese (pe-tsai), raw",170390,"Cabbage, chinese (pak-choi), raw",169103,"Orange peel, raw",169404,"Broccoli, chinese, raw",170069,"Waxgourd, (chinese preserving melon), raw",169220,"Cowpeas (blackeyes), immature seeds, raw",170026,"Potatoes, flesh and skin, raw",170028,"Potatoes, white, flesh and skin, raw",170066,"Waterchestnuts, chinese, (matai), raw",174975,"Crackers, cheese, regular",172179,"Cheese, cottage, creamed, large or small curd",claude_proposed,raw/plain form chosen
72,hop,60.0,168571,"Nopales, raw",167761,"Soursop, raw",169993,"Chicory roots, raw",170402,"Chayote, fruit, raw",169992,"Chicory greens, raw",170404,"Chicory, witloof, raw",169224,"Cowpeas, leafy tips, raw",175208,"Cowpeas, catjang, mature seeds, raw",168405,"Cowpeas, young pods with seeds, raw",169220,"Cowpeas (blackeyes), immature seeds, raw",,,excluded_no_match,no USDA equivalent
88,orange_juice,155.0,169098,"Orange juice, raw (Includes foods for USDA's Food Distribution Program)",169099,"Orange juice, canned, unsweetened",169100,"Orange juice, chilled, includes from concentrate",169923,"Orange juice, frozen concentrate, unsweetened, undiluted",169920,"Orange juice, chilled, includes from concentrate, with added calcium",169102,"Orange juice, frozen concentrate, unsweetened, diluted with 3 volume water",169922,"Orange juice, frozen concentrate, unsweetened, undiluted, with added calcium",169101,"Orange juice, chilled, includes from concentrate, with added calcium and vitamin D",167794,"Orange juice, chilled, includes from concentrate, with added calcium and vitamins A, D, E",169921,"Orange juice, frozen concentrate, unsweetened, diluted with 3 volume water, with added calcium",169098,"Orange juice, raw (Includes foods for USDA's Food Distribution Program)",claude_proposed,raw/plain form chosen
92,bitter_orange,91.43,170502,"Tomatoes, orange, raw",170481,"Borage, raw",169103,"Orange peel, raw",169918,"Oranges, raw, Florida",168431,"Lettuce, red leaf, raw",169919,"Oranges, raw, with peel",169916,"Oranges, raw, California, valencias",169097,"Oranges, raw, all commercial varieties",175189,"Beans, cranberry (roman), mature seeds, raw",169917,"Oranges, raw, navels (Includes foods for USDA's Food Distribution Program)",,,excluded_no_match,no USDA equivalent
93,roasted_sesame_seed,83.33,169416,"Seeds, sesame seed kernels, toasted, with salt added (decorticated)",170152,"Seeds, sesame seed kernels, toasted, without salt added (decorticated)",169410,"Seeds, sesame butter, tahini, from raw and stone ground kernels",170151,"Seeds, sesame seeds, whole, roasted and toasted",170377,"Broadbeans, immature seeds, raw",169412,"Seeds, sesame seed kernels, dried (decorticated)",168591,"Seeds, lotus seeds, raw",170422,"Peas, mature seeds, sprouted, raw",170095,"Radish seeds, sprouted, raw",174270,"Soybeans, mature seeds, raw",170151,"Seeds, sesame seeds, whole, roasted and toasted",claude_proposed,raw/plain form chosen
94,avocado,148.33,171707,"Avocados, raw, Florida",171706,"Avocados, raw, California",171705,"Avocados, raw, all commercial varieties",169981,"Cardoon, raw",168150,"Java-plum, (jambolan), raw",169203,"Arrowhead, raw",169991,"Chard, swiss, raw",169210,"Bamboo shoots, raw",173044,"Guavas, common, raw",173045,"Guavas, strawberry, raw",171705,"Avocados, raw, all commercial varieties",claude_proposed,raw/plain form chosen
98,fig,140.71,173021,"Figs, raw",174666,"Figs, dried, stewed",174665,"Figs, dried, uncooked",173022,"Figs, canned, water pack, solids and liquids",173024,"Figs, canned, heavy syrup pack, solids and liquids",173023,"Figs, canned, light syrup pack, solids and liquids",173025,"Figs, canned, extra heavy syrup pack, solids and liquids",168148,"Frog legs, raw",171952,"Fish, carp, raw",171958,"Fish, cusk, raw",173021,"Figs, raw",claude_proposed,raw/plain form chosen
105,bread,135.0,172673,"Bread, egg",172684,"Bread, rye",172686,"Bread, wheat",167944,"Bread, cheese",167943,"Bread, potato",174913,"Bread, Italian",172678,"Bread, oatmeal",171849,"Bread, cinnamon",167532,"Bread, white wheat",172674,"Bread, egg, toasted",172686,"Bread, wheat",claude_proposed,raw/plain form chosen
107,meat,135.0,174268,Meat extender,169067,"Meatballs, meatless",171638,"Meatballs, frozen, Italian style",169702,"Millet, raw",167714,"Hearts of palm, raw",174863,"Malt beverage, includes non-alcoholic beer",169398,"Epazote, raw",174263,"Peanuts, spanish, raw",170073,"Yambean (jicama), raw",172432,"Peanuts, valencia, raw",,,excluded_no_match,"generic term, no single USDA food"
110,citrus_peel,83.16,174193,"Fish, eel, mixed species, raw",169103,"Orange peel, raw",169225,"Cucumber, peeled, raw",175128,"Fish, pike, walleye, raw",175122,"Fish, mackerel, king, raw",173680,"Fish, pike, northern, raw",173673,"Fish, mackerel, spanish, raw",175119,"Fish, mackerel, Atlantic, raw",171725,"Custard-apple, (bullock's-heart), raw",173672,"Fish, mackerel, Pacific and jack, mixed species, raw",,,excluded_no_match,generic term
112,rosemary,165.0,173473,"Rosemary, fresh",171333,"Spices, rosemary, dried",170936,"Spices, savory, ground",168171,"Rose-apples, raw",173475,"Spearmint, fresh",170930,"Spices, parsley, dried",168170,"Roselle, raw",170920,"Spices, celery seed",172239,"Spearmint, dried",173469,"Vinegar, cider",173473,"Rosemary, fresh",claude_proposed,raw/plain form chosen
118,black_sesame_seed,72.94,170422,"Peas, mature seeds, sprouted, raw",174270,"Soybeans, mature seeds, raw",169284,"Soybeans, mature seeds, sprouted, raw",170377,"Broadbeans, immature seeds, raw",168384,"Alfalfa seeds, sprouted, raw",172425,"Mothbeans, mature seeds, raw",169416,"Seeds, sesame seed kernels, toasted, with salt added (decorticated)",170152,"Seeds, sesame seed kernels, toasted, without salt added (decorticated)",172423,"Lupins, mature seeds, raw",169410,"Seeds, sesame butter, tahini, from raw and stone ground kernels",170150,"Seeds, sesame seeds, whole, dried",claude_proposed,black sesame approximated by sesame
124,roasted_hazelnut,73.33,170552,"Seeds, breadnut tree seeds, raw",168171,"Rose-apples, raw",171427,"Oil, hazelnut",171965,"Fish, halibut, Greenland, raw",174200,"Fish, halibut, Atlantic and Pacific, raw",173782,SILK Hazelnut Creamer,168451,"Radishes, oriental, raw",172845,"Ostrich, tenderloin, raw",170581,"Nuts, hazelnuts or filberts",170582,"Nuts, hazelnuts or filberts, blanched",170581,"Nuts, hazelnuts or filberts",claude_proposed,raw hazelnut used for roasted
133,raisin,127.31,168166,"Raisins, seeded",168164,"Raisins, golden, seedless",168165,"Raisins, dark, seedless (Includes foods for USDA's Food Distribution Program)",170095,"Radish seeds, sprouted, raw",169108,"Passion-fruit, (granadilla), purple, raw",169276,"Radishes, raw",168451,"Radishes, oriental, raw",170081,"Radishes, white icicle, raw",175293,"Bison, ground, grass-fed, raw",169109,"Passion-fruit juice, purple, raw",168165,"Raisins, dark, seedless (Includes foods for USDA's Food Distribution Program)",claude_proposed,raw/plain form chosen
136,garlic,155.0,169230,"Garlic, raw",167939,"Garlic bread, frozen",171325,"Spices, garlic powder",168879,"Rice, white, medium-grain, raw, enriched",168931,"Rice, white, short-grain, raw, unenriched",169760,"Rice, white, medium-grain, raw, unenriched",168877,"Rice, white, long-grain, regular, raw, enriched",169756,"Rice, white, long-grain, regular, raw, unenriched",169703,"Rice, brown, long-grain, raw (Includes foods for USDA's Food Distribution Program)",169706,"Rice, brown, medium-grain, raw (Includes foods for USDA's Food Distribution Program)",169230,"Garlic, raw",claude_proposed,raw/plain form chosen
137,cheddar_cheese,75.17,169979,"Cabbage, chinese (pe-tsai), raw",170390,"Cabbage, chinese (pak-choi), raw",170069,"Waxgourd, (chinese preserving melon), raw",169220,"Cowpeas (blackeyes), immature seeds, raw",169992,"Chicory greens, raw",171719,"Cherries, sweet, raw",169928,"Peaches, yellow, raw",170066,"Waterchestnuts, chinese, (matai), raw",167944,"Bread, cheese",173869,"Liver cheese, pork",173414,"Cheese, cheddar (Includes foods for USDA's Food Distribution Program)",claude_proposed,raw/plain form chosen
142,tamarind,149.12,167763,"Tamarinds, raw",167786,"Tamarind nectar, canned",170929,"Spices, mustard seed, ground",168385,"Amaranth leaves, raw",172231,"Spices, turmeric, ground",173475,"Spearmint, fresh",170922,"Spices, coriander seed",172234,"Mustard, prepared, yellow",170923,"Spices, cumin seed",169914,"Nectarines, raw",167763,"Tamarinds, raw",claude_proposed,raw/plain form chosen
147,licorice,88.82,170922,"Spices, coriander seed",168879,"Rice, white, medium-grain, raw, enriched",168931,"Rice, white, short-grain, raw, unenriched",169760,"Rice, white, medium-grain, raw, unenriched",168877,"Rice, white, long-grain, regular, raw, enriched",169756,"Rice, white, long-grain, regular, raw, unenriched",169703,"Rice, brown, long-grain, raw (Includes foods for USDA's Food Distribution Program)",169706,"Rice, brown, medium-grain, raw (Includes foods for USDA's Food Distribution Program)",170921,"Spices, coriander leaf, dried",171315,"Spices, allspice, ground",,,excluded_no_match,no USDA equivalent
152,hazelnut,73.33,174263,"Peanuts, spanish, raw",172432,"Peanuts, valencia, raw",172434,"Peanuts, virginia, raw",172430,"Peanuts, all types, raw",169228,"Eggplant, raw",170499,"Shallots, raw",170157,"Nuts, acorns, raw",170162,"Nuts, cashew nuts, raw",170584,"Nuts, ginkgo nuts, raw",170169,"Nuts, coconut meat, raw",170581,"Nuts, hazelnuts or filberts",claude_proposed,raw/plain form chosen
164,ginger,165.0,170926,"Spices, ginger, ground",169231,"Ginger root, raw",169765,"Ginger root, pickled, canned, with artificial sweetener",173469,"Vinegar, cider",172241,"Vinegar, balsamic",172240,"Vinegar, red wine",172237,"Vinegar, distilled",170070,"Winged bean tuber, raw",170478,"Winged bean leaves, raw",174471,"Guinea hen, meat only, raw",169231,"Ginger root, raw",claude_proposed,raw/plain form chosen
165,seed,143.89,168591,"Seeds, lotus seeds, raw",170144,"Seeds, breadfruit seeds, raw",170552,"Seeds, breadnut tree seeds, raw",169410,"Seeds, sesame butter, tahini, from raw and stone ground kernels",169414,"Seeds, flaxseed",170148,"Seeds, hemp seed, hulled",170191,"Seeds, sesame butter, paste",170145,"Seeds, breadfruit seeds, boiled",170595,"Seeds, breadfruit seeds, roasted",170561,"Seeds, sesame meal, partially defatted",,,excluded_no_match,generic term
166,mint,96.67,170923,"Spices, cumin seed",173475,"Spearmint, fresh",173474,"Peppermint, fresh",171332,"Spices, pumpkin pie spice",172239,"Spearmint, dried",169702,"Millet, raw",168448,"Pumpkin, raw",169272,"Pumpkin leaves, raw",169270,"Pumpkin flowers, raw",170157,"Nuts, acorns, raw",173475,"Spearmint, fresh",claude_proposed,raw/plain form chosen
169,goat_cheese,79.26,170069,"Waxgourd, (chinese preserving melon), raw",169979,"Cabbage, chinese (pe-tsai), raw",170390,"Cabbage, chinese (pak-choi), raw",173043,"Groundcherries, (cape-gooseberries or poha), raw",168575,"Grape leaves, raw",170029,"Potatoes, red, flesh and skin, raw",170457,"Tomatoes, red, ripe, raw, year round average",169404,"Broccoli, chinese, raw",169205,"Artichokes, (globe or french), raw",174989,"Croissants, cheese",173435,"Cheese, goat, soft type",claude_proposed,raw/plain form chosen
180,watercress,155.0,170068,"Watercress, raw",170066,"Waterchestnuts, chinese, (matai), raw",168407,"Cress, garden, raw",169301,"Water convolvulus,raw",167765,"Watermelon, raw",171722,"Cranberries, raw",167755,"Raspberries, raw",171719,"Cherries, sweet, raw",173954,"Cherries, sour, red, raw",173946,"Blackberries, raw",170068,"Watercress, raw",claude_proposed,raw/plain form chosen
184,macadamia_nut,86.67,170178,"Nuts, macadamia nuts, raw",173952,"Carissa, (natal-plum), raw",171715,"Carambola, (starfruit), raw",168598,"Nuts, macadamia nuts, dry roasted, with salt added",170179,"Nuts, macadamia nuts, dry roasted, without salt added",169997,"Coriander (cilantro) leaves, raw",170073,"Yambean (jicama), raw",171631,"Sausage, Italian, pork, mild, raw",173849,"Veal, Australian, separable fat, raw",174682,"Grapes, american type (slip skin), raw",170178,"Nuts, macadamia nuts, raw",claude_proposed,raw/plain form chosen
187,pineapple,155.0,169124,"Pineapple, raw, all varieties",168194,"Pineapple, raw, extra sweet variety",168193,"Pineapple, raw, traditional varieties",169946,"Pineapple, frozen, chunks, sweetened",169125,"Pineapple, canned, water pack, solids and liquids",169944,"Pineapple, canned, heavy syrup pack, solids and liquids",169127,"Pineapple, canned, light syrup pack, solids and liquids",169945,"Pineapple, canned, extra heavy syrup pack, solids and liquids",167767,"Pineapple, canned, juice pack, drained",169126,"Pineapple, canned, juice pack, solids and liquids",169124,"Pineapple, raw, all varieties",claude_proposed,raw/plain form chosen
194,sage,165.0,170935,"Spices, sage, ground",168007,"Sage Valley, Gluten Free Vanilla Sandwich Cookies",174617,"Sausage, turkey, fresh, raw",171631,"Sausage, Italian, pork, mild, raw",173859,"Sausage, pork, chorizo, link or ground, raw",174600,"Sausage, turkey, breakfast links, mild, raw",170481,"Borage, raw",173468,"Salt, table",169103,"Orange peel, raw",167760,"Sapote, mamey, raw",170935,"Spices, sage, ground",claude_proposed,raw/plain form chosen
196,fennel,165.0,171323,"Spices, fennel seed",169385,"Fennel, bulb, raw",171324,"Spices, fenugreek seed",168412,"Endive, raw",172243,"Seasoning mix, dry, taco, original",173476,"Seasoning mix, dry, chili, original",172242,"Seasoning mix, dry, sazon, coriander & annatto",168195,"Clementines, raw",171316,"Spices, anise seed",172420,"Lentils, raw",169385,"Fennel, bulb, raw",claude_proposed,raw/plain form chosen
202,celery,155.0,169988,"Celery, raw",170920,"Spices, celery seed",169342,"Celery, cooked, boiled, drained, with salt",169989,"Celery, cooked, boiled, drained, without salt",170400,"Celeriac, raw",169990,"Celtuce, raw",173953,"Cherimoya, raw",170432,"Pokeberry shoots, (poke), raw",169394,"Pepper, banana, raw",170284,"Barley, pearled, raw",169988,"Celery, raw",claude_proposed,raw/plain form chosen
204,mung_bean,149.74,174256,"Mung beans, mature seeds, raw",169957,"Mung beans, mature seeds, sprouted, raw",175255,"Mung beans, mature seeds, cooked, boiled, with salt",174257,"Mung beans, mature seeds, cooked, boiled, without salt",169138,"Mung beans, mature seeds, sprouted, cooked, stir-fried",168499,"Mung beans, mature seeds, sprouted, cooked, boiled, drained, with salt",169137,"Mung beans, mature seeds, sprouted, cooked, boiled, drained, without salt",174259,"Mungo beans, mature seeds, raw",170070,"Winged bean tuber, raw",170478,"Winged bean leaves, raw",174256,"Mung beans, mature seeds, raw",claude_proposed,raw/plain form chosen
205,rice,155.0,168879,"Rice, white, medium-grain, raw, enriched",168931,"Rice, white, short-grain, raw, unenriched",169760,"Rice, white, medium-grain, raw, unenriched",168877,"Rice, white, long-grain, regular, raw, enriched",169756,"Rice, white, long-grain, regular, raw, unenriched",169703,"Rice, brown, long-grain, raw (Includes foods for USDA's Food Distribution Program)",169706,"Rice, brown, medium-grain, raw (Includes foods for USDA's Food Distribution Program)",168876,"Rice, brown, parboiled, dry, UNCLE BEN'S",169712,"Rice, white, steamed, Chinese restaurant",168883,"Rice, white, glutinous, unenriched, uncooked",168877,"Rice, white, long-grain, regular, raw, enriched",claude_proposed,raw/plain form chosen
207,sour_milk,78.82,172445,"Soy meal, defatted, raw",173675,"Fish, milkfish, raw",167761,"Soursop, raw",168414,"Gourd, dishcloth (towelgourd), raw",169232,"Gourd, white-flowered (calabash), raw",171106,"Poultry, mechanically deboned, from mature hens, raw",171104,"Poultry, mechanically deboned, from backs and necks with skin, raw",171105,"Poultry, mechanically deboned, from backs and necks without skin, raw",171136,"Turkey, drumstick, from whole bird, meat only, raw",171525,"Turkey, drumstick, from whole bird, meat only, with added solution, raw",170874,"Milk, buttermilk, fluid, cultured, lowfat",claude_proposed,sour milk approximated by buttermilk
210,watermelon,155.0,167765,"Watermelon, raw",169301,"Water convolvulus,raw",169093,"Melons, casaba, raw",169911,"Melons, honeydew, raw",169092,"Melons, cantaloupe, raw",170068,"Watercress, raw",170066,"Waterchestnuts, chinese, (matai), raw",169222,"Yardlong bean, raw",174281,"Yardlong beans, mature seeds, raw",167749,"Lemon peel, raw",167765,"Watermelon, raw",claude_proposed,raw/plain form chosen
211,sheep_cheese,79.26,175144,"Fish, sheepshead, raw",169410,"Seeds, sesame butter, tahini, from raw and stone ground kernels",170375,"Beet greens, raw",169979,"Cabbage, chinese (pe-tsai), raw",170390,"Cabbage, chinese (pak-choi), raw",171541,"Soup, cheese, canned, condensed",170095,"Radish seeds, sprouted, raw",174193,"Fish, eel, mixed species, raw",175142,"Fish, sea bass, mixed species, raw",168422,"Mushrooms, Chanterelle, raw",173420,"Cheese, feta",claude_proposed,sheep cheese approximated by feta
230,yogurt,135.0,170886,"Yogurt, plain, low fat",170887,"Yogurt, plain, skim milk",170906,"Yogurt, vanilla, non-fat",171284,"Yogurt, plain, whole milk",170888,"Yogurt, vanilla, low fat.",170903,"Yogurt, Greek, plain, lowfat",169898,"Yogurt, fruit variety, nonfat",170907,"Yogurt, Greek, vanilla, lowfat",170902,"Yogurt, Greek, vanilla, nonfat",172208,"Yogurt, chocolate, nonfat milk",171284,"Yogurt, plain, whole milk",claude_proposed,raw/plain form chosen
231,lemon_peel,155.0,167749,"Lemon peel, raw",169103,"Orange peel, raw",167746,"Lemons, raw, without peel",167747,"Lemon juice, raw",168573,"Lemon grass (citronella), raw",172436,"Pigeon peas (red gram), mature seeds, raw",169941,"Persimmons, japanese, raw",170284,"Barley, pearled, raw",168538,"Corn, sweet, white, raw",169998,"Corn, sweet, yellow, raw",167749,"Lemon peel, raw",claude_proposed,raw/plain form chosen
236,ham,135.0,173865,"Ham, minced",173866,Ham salad spread,171629,Ham and cheese spread,171628,Ham and cheese loaf or roll,173881,"Ham, smoked, extra lean, low sodium",173864,"Ham, sliced, regular (approximately 11% fat)",168092,"Ham, turkey, sliced, extra lean, prepackaged or deli",173863,"Ham, sliced, pre-packaged, deli meat (96%fat free, water added)",171626,"Ham, chopped, canned",171627,"Ham, chopped, not canned",167875,"Pork, cured, ham, whole, separable lean and fat, unheated",claude_proposed,raw/plain form chosen
238,cod,77.14,168538,"Corn, sweet, white, raw",169998,"Corn, sweet, yellow, raw",170406,"Collards, raw",169219,"Cornsalad, raw",169991,"Chard, swiss, raw",169997,"Coriander (cilantro) leaves, raw",168414,"Gourd, dishcloth (towelgourd), raw",169232,"Gourd, white-flowered (calabash), raw",173860,"Corned beef loaf, jellied",173634,"Canada Goose, breast meat only, skinless, raw",171955,"Fish, cod, Atlantic, raw",claude_proposed,raw/plain form chosen
248,beef,155.0,168608,"Beef, grass-fed, ground, raw",168605,"Beef, retail cuts, separable fat, raw",170199,"Beef, cured, corned beef, brisket, raw",174726,"Beef, New Zealand, imported, inside, raw",173110,"Beef, ground, 93% lean meat / 7% fat, raw",171790,"Beef, ground, 95% lean meat / 5% fat, raw",173111,"Beef, ground, 97% lean meat / 3% fat, raw",168652,"Beef, ground, 70% lean meat / 30% fat, raw",174037,"Beef, ground, 75% lean meat / 25% fat, raw",174036,"Beef, ground, 80% lean meat / 20% fat, raw",174036,"Beef, ground, 80% lean meat / 20% fat, raw",claude_proposed,raw/plain form chosen
249,shiitake,73.33,171116,"Chicken, ground, raw",174465,"Chicken, capons, giblets, raw",173641,"Chicken, stewing, giblets, raw",172396,"Chicken, roasting, giblets, raw",171458,"Chicken, heart, all classes, raw",171060,"Chicken, liver, all classes, raw",172402,"Chicken, stewing, meat only, raw",173636,"Chicken, roasting, meat only, raw",171456,"Chicken, gizzard, all classes, raw",173645,"Chicken, capons, meat and skin, raw",169242,"Mushrooms, shiitake, raw",claude_proposed,raw/plain form chosen
251,parsley,158.0,170930,"Spices, parsley, dried",170416,"Parsley, fresh",170486,"Parsley, freeze-dried",170284,"Barley, pearled, raw",169118,"Pears, raw",169274,"Purslane, raw",168177,"Pears, asian, raw",167777,"Pears, raw, red anjou",167778,"Pears, raw, bosc (Includes foods for USDA's Food Distribution Program)",167776,"Pears, raw, bartlett (Includes foods for USDA's Food Distribution Program)",170416,"Parsley, fresh",claude_proposed,raw/plain form chosen
254,grapefruit,155.0,173034,"Grapefruit, raw, white, Florida",174676,"Grapefruit, raw, white, all areas",174677,"Grapefruit, raw, white, California",174675,"Grapefruit, raw, pink and red, Florida",174673,"Grapefruit, raw, pink and red, all areas",173033,"Grapefruit, raw, pink and red and white, all areas",174674,"Grapefruit, raw, pink and red, California and Arizona",167774,"Grapefruit juice, pink, raw",173039,"Grapefruit juice, white, raw",173038,"Grapefruit juice, pink or red, with added calcium",173033,"Grapefruit, raw, pink and red and white, all areas",claude_proposed,raw/plain form chosen
256,basil,165.0,172232,"Basil, fresh",171317,"Spices, basil, dried",173471,Vanilla extract,170917,"Spices, bay leaf",172419,"Quail, meat only, raw",169961,"Beans, snap, green, raw",168574,"Beans, fava, in pod, raw",169320,"Beans, snap, yellow, raw",172418,"Quail, meat and skin, raw",172829,"Quail, breast, meat only, raw",172232,"Basil, fresh",claude_proposed,raw/plain form chosen
257,kelp,70.0,168421,"Kale, raw",175290,"Veal, ground, raw",174884,"Veal, seam fat only, raw",174882,"Veal, external fat only, raw",173828,"Veal, rib, separable lean only, raw",173849,"Veal, Australian, separable fat, raw",173826,"Veal, loin, separable lean only, raw",172645,"Veal, shank, separable lean only, raw",175275,"Veal, rib, separable lean and fat, raw",173823,"Veal, loin, separable lean and fat, raw",168457,"Seaweed, kelp, raw",claude_proposed,raw/plain form chosen
258,roasted_beef,90.91,174597,Roast beef spread,174570,"Roast beef, deli style, prepackaged, sliced",170456,"Tomatoes, green, raw",169103,"Orange peel, raw",168171,"Rose-apples, raw",170010,"Peas, edible-podded, raw",175205,"Broadbeans (fava beans), mature seeds, raw",171400,"Fat, beef tallow",168575,"Grape leaves, raw",167745,"Turtle, green, raw",174036,"Beef, ground, 80% lean meat / 20% fat, raw",claude_proposed,raw beef used for roasted
260,mushroom,155.0,169376,"Mushroom, white, exposed to ultraviolet light, raw",169382,"Mushrooms, enoki, raw",168423,"Mushrooms, morel, raw",169251,"Mushrooms, white, raw",168580,"Mushrooms, oyster, raw",169403,"Mushrooms, maitake, raw",169242,"Mushrooms, shiitake, raw",169255,"Mushrooms, portabella, raw",168422,"Mushrooms, Chanterelle, raw",168434,"Mushrooms, brown, italian, or crimini, raw",169251,"Mushrooms, white, raw",claude_proposed,raw/plain form chosen
261,baked_potato,86.67,169303,"Sweet potato leaves, raw",168482,"Sweet potato, raw, unprepared (Includes foods for USDA's Food Distribution Program)",167943,"Bread, potato",174772,"Beef, bottom sirloin, tri-tip roast, separable lean only, trimmed to 0"" fat, choice, raw",173124,"Beef, bottom sirloin, tri-tip roast, separable lean only, trimmed to 0"" fat, select, raw",168736,"Beef, bottom sirloin, tri-tip roast, separable lean and fat, trimmed to 0"" fat, choice, raw",169559,"Beef, bottom sirloin, tri-tip roast, separable lean and fat, trimmed to 0"" fat, select, raw",174770,"Beef, bottom sirloin, tri-tip roast, separable lean only, trimmed to 0"" fat, all grades, raw",168734,"Beef, bottom sirloin, tri-tip roast, separable lean and fat, trimmed to 0"" fat, all grades, raw",172137,"Beef, plate steak, boneless, inside skirt, separable lean only, trimmed to 0"" fat, choice, raw",170026,"Potatoes, flesh and skin, raw",claude_proposed,raw potato used for baked
289,papaya,147.31,169926,"Papayas, raw",169107,"Papaya nectar, canned",169927,"Papaya, canned, heavy syrup, drained",170078,"Eppaw, raw",168389,"Asparagus, raw",168106,Papad,173634,"Canada Goose, breast meat only, skinless, raw",173944,"Bananas, raw",169985,"Cassava, raw",168384,"Alfalfa seeds, sprouted, raw",169926,"Papayas, raw",claude_proposed,raw/plain form chosen
296,tuna,80.0,170061,"Turnip greens, raw",174471,"Guinea hen, meat only, raw",172416,"Guinea hen, meat and skin, raw",170465,"Turnips, raw",169129,"Pitanga, (surinam-cherry), raw",169308,"Taro, raw",168487,"Taro leaves, raw",168489,"Taro shoots, raw",169310,"Taro, tahitian, raw",168432,"Mountain yam, hawaii, raw",175159,"Fish, tuna, fresh, yellowfin, raw",claude_proposed,raw/plain form chosen
298,butter,135.0,173410,"Butter, salted",173430,"Butter, without salt",173412,"Butter oil, anhydrous",170385,"Butterbur, (fuki), raw",173411,"Butter, whipped, with salt",171314,"Butter, Clarified butter (ghee)",173581,"Butter, light, stick, with salt",172344,"Butter, light, stick, without salt",169894,"Butter replacement, without fat, powder",170387,"Butterbur, canned",173410,"Butter, salted",claude_proposed,raw/plain form chosen
302,orange_peel,155.0,169103,"Orange peel, raw",167749,"Lemon peel, raw",169918,"Oranges, raw, Florida",169919,"Oranges, raw, with peel",169916,"Oranges, raw, California, valencias",169097,"Oranges, raw, all commercial varieties",169917,"Oranges, raw, navels (Includes foods for USDA's Food Distribution Program)",169098,"Orange juice, raw (Includes foods for USDA's Food Distribution Program)",170481,"Borage, raw",168538,"Corn, sweet, white, raw",169103,"Orange peel, raw",claude_proposed,raw/plain form chosen
308,huckleberry,90.0,170432,"Pokeberry shoots, (poke), raw",169988,"Celery, raw",169913,"Mulberries, raw",171711,"Blueberries, raw",169225,"Cucumber, peeled, raw",168409,"Cucumber, with peel, raw",173946,"Blackberries, raw",171727,"Elderberries, raw",169915,"Oheloberries, raw",171505,"Turkey, Ground, raw",,,excluded_no_match,no USDA equivalent
309,cherry,128.0,167807,"Cherry juice, tart",171719,"Cherries, sweet, raw",173954,"Cherries, sour, red, raw",169988,"Celery, raw",173953,"Cherimoya, raw",169993,"Chicory roots, raw",169992,"Chicory greens, raw",170404,"Chicory, witloof, raw",169991,"Chard, swiss, raw",170432,"Pokeberry shoots, (poke), raw",171719,"Cherries, sweet, raw",claude_proposed,raw/plain form chosen
327,okra,155.0,169260,"Okra, raw",169262,"Okra, frozen, unprepared",170098,"Okra, cooked, boiled, drained, with salt",169261,"Okra, cooked, boiled, drained, without salt",170099,"Okra, frozen, cooked, boiled, drained, with salt",169263,"Okra, frozen, cooked, boiled, drained, without salt",172452,Okara,170481,"Borage, raw",169103,"Orange peel, raw",169918,"Oranges, raw, Florida",169260,"Okra, raw",claude_proposed,raw/plain form chosen
328,eel,86.67,169385,"Fennel, bulb, raw",170375,"Beet greens, raw",175290,"Veal, ground, raw",174884,"Veal, seam fat only, raw",168608,"Beef, grass-fed, ground, raw",174882,"Veal, external fat only, raw",173828,"Veal, rib, separable lean only, raw",173849,"Veal, Australian, separable fat, raw",173826,"Veal, loin, separable lean only, raw",168605,"Beef, retail cuts, separable fat, raw",174193,"Fish, eel, mixed species, raw",claude_proposed,raw/plain form chosen
330,bartlett_pear,94.07,170284,"Barley, pearled, raw",168393,"Balsam-pear (bitter gourd), pods, raw",168391,"Balsam-pear (bitter gourd), leafy tips, raw",167750,"Prickly pears, raw",168431,"Lettuce, red leaf, raw",169248,"Lettuce, iceberg (includes crisphead types), raw",168419,"Jute, potherb, raw",167745,"Turtle, green, raw",168421,"Kale, raw",170285,"Barley, pearled, cooked",169118,"Pears, raw",claude_proposed,raw/plain form chosen
336,lingonberry,80.0,170432,"Pokeberry shoots, (poke), raw",169231,"Ginger root, raw",173030,"Gooseberries, raw",169915,"Oheloberries, raw",173043,"Groundcherries, (cape-gooseberries or poha), raw",169913,"Mulberries, raw",170025,"Pigeonpeas, immature seeds, raw",169988,"Celery, raw",170070,"Winged bean tuber, raw",170478,"Winged bean leaves, raw",,,excluded_no_match,no USDA equivalent
338,plum,143.89,169949,"Plums, raw",168162,"Plums, dried (prunes), uncooked",168183,"Plums, canned, heavy syrup, drained",167752,"Plums, dried (prunes), stewed, with added sugar",167751,"Plums, dried (prunes), stewed, without added sugar",169950,"Plums, canned, purple, water pack, solids and liquids",169132,"Plums, canned, purple, heavy syrup pack, solids and liquids",169952,"Plums, canned, purple, light syrup pack, solids and liquids",169133,"Plums, canned, purple, extra heavy syrup pack, solids and liquids",169951,"Plums, canned, purple, juice pack, solids and liquids",169949,"Plums, raw",claude_proposed,raw/plain form chosen
373,strawberry_jam,93.33,167762,"Strawberries, raw",173045,"Guavas, strawberry, raw",171722,"Cranberries, raw",167755,"Raspberries, raw",175189,"Beans, cranberry (roman), mature seeds, raw",174869,"Strawberry-flavor beverage mix, powder",170496,"Seaweed, wakame, raw",170073,"Yambean (jicama), raw",171484,"Turkey, all classes, heart, raw",171486,"Turkey, all classes, liver, raw",,,excluded_no_match,"processed, no clean equivalent"
376,leek,143.89,169246,"Leeks, (bulb and lower leaf-portion), raw",170485,"Leeks, (bulb and lower-leaf portion), freeze-dried",168535,"Leeks, (bulb and lower leaf-portion), cooked, boiled, drained, with salt",168426,"Leeks, (bulb and lower leaf-portion), cooked, boiled, drained, without salt",168431,"Lettuce, red leaf, raw",169249,"Lettuce, green leaf, raw",169247,"Lettuce, cos or romaine, raw",169248,"Lettuce, iceberg (includes crisphead types), raw",168429,"Lettuce, butterhead (includes boston and bibb types), raw",168421,"Kale, raw",169246,"Leeks, (bulb and lower leaf-portion), raw",claude_proposed,raw/plain form chosen
381,rapeseed,91.43,173040,"Grapes, muscadine, raw",174682,"Grapes, american type (slip skin), raw",174683,"Grapes, red or green (European type, such as Thompson seedless), raw",169399,"Fireweed, leaves, raw",168575,"Grape leaves, raw",168591,"Seeds, lotus seeds, raw",170144,"Seeds, breadfruit seeds, raw",170552,"Seeds, breadnut tree seeds, raw",169410,"Seeds, sesame butter, tahini, from raw and stone ground kernels",171689,"Apples, raw, without skin",,,excluded_no_match,no USDA equivalent
385,potato,140.71,170032,"Potatoes, raw, skin",170026,"Potatoes, flesh and skin, raw",170029,"Potatoes, red, flesh and skin, raw",170028,"Potatoes, white, flesh and skin, raw",170027,"Potatoes, russet, flesh and skin, raw (Includes foods for USDA's Food Distribution Program)",170092,Potato pancakes,171608,"Potato soup, instant, dry mix",168446,Potato flour,169269,"Potato salad, home-prepared",170047,"Potato puffs, frozen, unprepared",170026,"Potatoes, flesh and skin, raw",claude_proposed,raw/plain form chosen
396,milk,135.0,170882,"Milk, sheep, fluid",170875,"Milk, low sodium, fluid",167730,"Milk, imitation, non-soy",171279,"Milk, human, mature, fluid",171280,"Milk, indian buffalo, fluid",172225,"Milk, buttermilk, fluid, whole",171273,"Milk, dry, nonfat, calcium reduced",171266,"Milk, producer, fluid, 3.7% milkfat",170910,"Milk, chocolate, lowfat, reduced sugar",170876,"Milk, dry, whole, with added vitamin D",171265,"Milk, whole, 3.25% milkfat, with added vitamin D",claude_proposed,raw/plain form chosen
399,grape,155.0,168575,"Grape leaves, raw",173040,"Grapes, muscadine, raw",174682,"Grapes, american type (slip skin), raw",174683,"Grapes, red or green (European type, such as Thompson seedless), raw",169393,"Grape leaves, canned",173034,"Grapefruit, raw, white, Florida",174676,"Grapefruit, raw, white, all areas",174677,"Grapefruit, raw, white, California",174675,"Grapefruit, raw, pink and red, Florida",174673,"Grapefruit, raw, pink and red, all areas",174683,"Grapes, red or green (European type, such as Thompson seedless), raw",claude_proposed,raw/plain form chosen
401,camembert_cheese,84.52,169979,"Cabbage, chinese (pe-tsai), raw",170390,"Cabbage, chinese (pak-choi), raw",169225,"Cucumber, peeled, raw",170066,"Waterchestnuts, chinese, (matai), raw",170375,"Beet greens, raw",168385,"Amaranth leaves, raw",174975,"Crackers, cheese, regular",175060,"Crackers, cheese, low sodium",167941,"Crackers, cheese, reduced fat",174084,"Crackers, cheese, whole grain",172178,"Cheese, camembert",claude_proposed,raw/plain form chosen
404,melon,145.91,169093,"Melons, casaba, raw",169911,"Melons, honeydew, raw",169092,"Melons, cantaloupe, raw",169912,"Melon balls, frozen",167754,"Pummelo, raw",167765,"Watermelon, raw",167749,"Lemon peel, raw",168573,"Lemon grass (citronella), raw",169226,"Dandelion greens, raw",167746,"Lemons, raw, without peel",,,excluded_no_match,generic term
406,thai_pepper,87.14,170932,"Spices, pepper, red or cayenne",170931,"Spices, pepper, black",170933,"Spices, pepper, white",171316,"Spices, anise seed",171319,"Spices, chili powder",172234,"Mustard, prepared, yellow",173472,"Horseradish, prepared",170106,"Peppers, hot chili, red, raw",170497,"Peppers, hot chili, green, raw",173474,"Peppermint, fresh",170497,"Peppers, hot chili, green, raw",claude_proposed,raw/plain form chosen
417,pork,155.0,167812,"Pork, fresh, belly, raw",167902,"Pork, fresh, ground, raw",167811,"Pork, fresh, backfat, raw",168287,"Pork, cured, salt pork, raw",167813,"Pork, fresh, separable fat, raw",169190,"Pork, ground, 96% lean / 4% fat, raw",168372,"Pork, ground, 84% lean / 16% fat, raw",168278,"Pork, cured, breakfast strips, raw or unheated",168219,"Pork, fresh, carcass, separable lean and fat, raw",168299,"Pork, fresh, backribs, separable lean and fat, raw",167818,"Pork, fresh, loin, whole, separable lean and fat, raw",claude_proposed,raw/plain form chosen
419,currant,148.33,173964,"Currants, red and white, raw",173963,"Currants, european black, raw",171724,"Currants, zante, dried",170393,"Carrots, raw",168568,"Carrots, baby, raw",168538,"Corn, sweet, white, raw",169998,"Corn, sweet, yellow, raw",168192,"Durian, raw or frozen",169274,"Purslane, raw",168385,"Amaranth leaves, raw",173964,"Currants, red and white, raw",claude_proposed,raw/plain form chosen
422,frankfurter,135.0,172968,"Frankfurter, meat",172964,"Frankfurter, pork",171625,"Frankfurter, turkey",171624,"Frankfurter, chicken",169887,"Frankfurter, meatless",168131,"Frankfurter, low sodium",174614,"Frankfurter, beef, heated",174615,"Frankfurter, meat, heated",167696,"Frankfurter, beef, low fat",173862,"Frankfurter, beef, unheated",173862,"Frankfurter, beef, unheated",claude_proposed,raw/plain form chosen
427,corn,155.0,168538,"Corn, sweet, white, raw",169998,"Corn, sweet, yellow, raw",168920,"Corn grain, white",170288,"Corn grain, yellow",170289,"Corn bran, crude",170492,"Corn pudding, home prepared",169748,"Corn flour, whole-grain, white",170290,"Corn flour, whole-grain, yellow",169694,"Corn flour, masa, enriched, white",169749,"Corn flour, yellow, masa, enriched",169998,"Corn, sweet, yellow, raw",claude_proposed,raw/plain form chosen
439,cinnamon,165.0,171320,"Spices, cinnamon, ground",167940,"Cinnamon buns, frosted (includes honey buns)",170919,"Spices, cardamom",170922,"Spices, coriander seed",170923,"Spices, cumin seed",169981,"Cardoon, raw",170921,"Spices, coriander leaf, dried",173469,"Vinegar, cider",170934,"Spices, saffron",172241,"Vinegar, balsamic",171320,"Spices, cinnamon, ground",claude_proposed,raw/plain form chosen
444,radish,155.0,170095,"Radish seeds, sprouted, raw",169276,"Radishes, raw",168451,"Radishes, oriental, raw",170081,"Radishes, white icicle, raw",169889,"Radishes, hawaiian style, pickled",168453,"Radishes, oriental, dried",170122,"Radishes, oriental, cooked, boiled, drained, with salt",168452,"Radishes, oriental, cooked, boiled, drained, without salt",168564,"Radicchio, raw",171952,"Fish, carp, raw",169276,"Radishes, raw",claude_proposed,raw/plain form chosen
466,olive,135.0,172926,"Olive loaf, pork",169094,"Olives, ripe, canned (small-extra large)",169096,"Olives, pickled, canned or bottled, green",169095,"Olives, ripe, canned (jumbo-super colossal)",168155,"Limes, raw",173869,"Liver cheese, pork",173870,"Liver sausage, liverwurst, pork",168156,"Lime juice, raw",169994,"Chives, raw",168412,"Endive, raw",169094,"Olives, ripe, canned (small-extra large)",claude_proposed,raw/plain form chosen
467,spearmint,165.0,173475,"Spearmint, fresh",172239,"Spearmint, dried",173474,"Peppermint, fresh",172243,"Seasoning mix, dry, taco, original",173476,"Seasoning mix, dry, chili, original",172242,"Seasoning mix, dry, sazon, coriander & annatto",174263,"Peanuts, spanish, raw",172432,"Peanuts, valencia, raw",172434,"Peanuts, virginia, raw",172430,"Peanuts, all types, raw",173475,"Spearmint, fresh",claude_proposed,raw/plain form chosen
486,mango,145.91,169910,"Mangos, raw",167785,"Mango nectar, canned",169091,"Mango, dried, sweetened",174259,"Mungo beans, mature seeds, raw",169090,"Mangosteen, canned, syrup pack",174256,"Mung beans, mature seeds, raw",169957,"Mung beans, mature seeds, sprouted, raw",169103,"Orange peel, raw",175256,"Mungo beans, mature seeds, cooked, boiled, with salt",172427,"Mungo beans, mature seeds, cooked, boiled, without salt",169910,"Mangos, raw",claude_proposed,raw/plain form chosen
489,coconut_oil,80.87,170169,"Nuts, coconut meat, raw",170580,"Nuts, coconut cream, raw (liquid expressed from grated meat)",170172,"Nuts, coconut milk, raw (liquid expressed from grated meat and water)",171077,"Chicken, broiler or fryers, breast, skinless, boneless, meat only, raw",171057,"Chicken, broilers or fryers, giblets, raw",171052,"Chicken, broilers or fryers, meat only, raw",171452,"Chicken, broilers or fryers, skin only, raw",171447,"Chicken, broilers or fryers, meat and skin, raw",171468,"Chicken, broilers or fryers, separable fat, raw",173619,"Chicken, broilers or fryers, leg, meat only, raw",171412,"Oil, coconut",claude_proposed,raw/plain form chosen
525,cheese,135.0,172175,"Cheese, blue",172177,"Cheese, brie",173419,"Cheese, edam",173420,"Cheese, feta",172176,"Cheese, brick",173416,"Cheese, colby",173418,"Cheese, cream",171241,"Cheese, gouda",171251,"Cheese, swiss",171249,"Cheese, romano",173414,"Cheese, cheddar (Includes foods for USDA's Food Distribution Program)",claude_proposed,generic cheese; cheddar assumed
545,coconut,77.14,169981,"Cardoon, raw",170157,"Nuts, acorns, raw",170162,"Nuts, cashew nuts, raw",170584,"Nuts, ginkgo nuts, raw",168538,"Corn, sweet, white, raw",170169,"Nuts, coconut meat, raw",169998,"Corn, sweet, yellow, raw",170178,"Nuts, macadamia nuts, raw",170184,"Nuts, pistachio nuts, raw",170164,"Nuts, chestnuts, chinese, raw",170169,"Nuts, coconut meat, raw",claude_proposed,raw/plain form chosen
567,rye_bread,83.64,172876,"Turkey, breast, from whole bird, meat only, with added solution, raw",174683,"Grapes, red or green (European type, such as Thompson seedless), raw",170552,"Seeds, breadnut tree seeds, raw",174392,"Veal, breast, whole, boneless, separable lean and fat, raw",170144,"Seeds, breadfruit seeds, raw",174517,"Turkey, retail parts, wing, meat only, raw",174518,"Turkey, retail parts, thigh, meat only, raw",174515,"Turkey, retail parts, breast, meat only, raw",171132,"Turkey, retail parts, wing, meat and skin, raw",172875,"Turkey, retail parts, drumstick, meat only, raw",172684,"Bread, rye",claude_proposed,raw/plain form chosen
572,nectarine,149.74,169914,"Nectarines, raw",169105,"Tangerines, (mandarin oranges), raw",169925,"Tangerine juice, raw",168432,"Mountain yam, hawaii, raw",167763,"Tamarinds, raw",168215,"Plantains, green, raw",169130,"Plantains, yellow, raw",169997,"Coriander (cilantro) leaves, raw",169981,"Cardoon, raw",168195,"Clementines, raw",169914,"Nectarines, raw",claude_proposed,raw/plain form chosen
575,pumpkin,155.0,168448,"Pumpkin, raw",169272,"Pumpkin leaves, raw",169270,"Pumpkin flowers, raw",171332,"Spices, pumpkin pie spice",169273,"Pumpkin pie mix, canned",170527,"Pumpkin, canned, with salt",168450,"Pumpkin, canned, without salt",170526,"Pumpkin, cooked, boiled, drained, with salt",168449,"Pumpkin, cooked, boiled, drained, without salt",170120,"Pumpkin leaves, cooked, boiled, drained, with salt",168448,"Pumpkin, raw",claude_proposed,raw/plain form chosen
579,cumin,165.0,170923,"Spices, cumin seed",171332,"Spices, pumpkin pie spice",168448,"Pumpkin, raw",169272,"Pumpkin leaves, raw",169270,"Pumpkin flowers, raw",171320,"Spices, cinnamon, ground",172231,"Spices, turmeric, ground",172423,"Lupins, mature seeds, raw",174471,"Guinea hen, meat only, raw",172416,"Guinea hen, meat and skin, raw",170923,"Spices, cumin seed",claude_proposed,raw/plain form chosen
586,mutton,80.0,174256,"Mung beans, mature seeds, raw",169957,"Mung beans, mature seeds, sprouted, raw",168432,"Mountain yam, hawaii, raw",167749,"Lemon peel, raw",168573,"Lemon grass (citronella), raw",174259,"Mungo beans, mature seeds, raw",169093,"Melons, casaba, raw",169911,"Melons, honeydew, raw",169092,"Melons, cantaloupe, raw",167746,"Lemons, raw, without peel",172479,"Lamb, composite of trimmed retail cuts, separable lean and fat, trimmed to 1/4"" fat, choice, raw",claude_proposed,mutton approximated by lamb
587,roasted_peanut,84.29,170552,"Seeds, breadnut tree seeds, raw",168171,"Rose-apples, raw",170144,"Seeds, breadfruit seeds, raw",175301,"Game meat, elk, raw",173845,"Game meat, bear, raw",173855,"Game meat, deer, raw",175303,"Game meat, goat, raw",175086,"Game meat, horse, raw",174344,"Game meat, moose, raw",175294,"Game meat, beaver, raw",173806,"Peanuts, all types, dry-roasted, without salt",claude_proposed,raw/plain form chosen
589,roasted_meat,86.67,175301,"Game meat, elk, raw",173845,"Game meat, bear, raw",173855,"Game meat, deer, raw",175303,"Game meat, goat, raw",175086,"Game meat, horse, raw",174344,"Game meat, moose, raw",175294,"Game meat, beaver, raw",173853,"Game meat, caribou, raw",172518,"Game meat, muskrat, raw",175292,"Game meat, antelope, raw",,,excluded_no_match,generic term
590,mandarin,82.5,168432,"Mountain yam, hawaii, raw",167763,"Tamarinds, raw",169226,"Dandelion greens, raw",168215,"Plantains, green, raw",169130,"Plantains, yellow, raw",173634,"Canada Goose, breast meat only, skinless, raw",169914,"Nectarines, raw",169105,"Tangerines, (mandarin oranges), raw",173944,"Bananas, raw",169925,"Tangerine juice, raw",169105,"Tangerines, (mandarin oranges), raw",claude_proposed,raw/plain form chosen
609,berry,91.43,170432,"Pokeberry shoots, (poke), raw",170385,"Butterbur, (fuki), raw",169988,"Celery, raw",170284,"Barley, pearled, raw",169913,"Mulberries, raw",171711,"Blueberries, raw",171722,"Cranberries, raw",167755,"Raspberries, raw",173946,"Blackberries, raw",171727,"Elderberries, raw",,,excluded_no_match,generic term
614,tabasco_pepper,80.0,170932,"Spices, pepper, red or cayenne",170931,"Spices, pepper, black",170933,"Spices, pepper, white",168393,"Balsam-pear (bitter gourd), pods, raw",168391,"Balsam-pear (bitter gourd), leafy tips, raw",168454,"Rutabagas, raw",171316,"Spices, anise seed",172232,"Basil, fresh",171721,"Crabapples, raw",173474,"Peppermint, fresh",170106,"Peppers, hot chili, red, raw",claude_proposed,raw/plain form chosen
616,turkey,155.0,171505,"Turkey, Ground, raw",171083,"Turkey, whole, giblets, raw",172847,"Turkey, ground, fat free, raw",171480,"Turkey, whole, meat only, raw",171490,"Turkey, whole, light meat, raw",171484,"Turkey, all classes, heart, raw",171486,"Turkey, all classes, liver, raw",171085,"Turkey, gizzard, all classes, raw",171081,"Turkey, whole, meat and skin, raw",171096,"Turkey, whole, back, meat only, raw",171081,"Turkey, whole, meat and skin, raw",claude_proposed,raw/plain form chosen
630,passion_fruit,155.0,169108,"Passion-fruit, (granadilla), purple, raw",169109,"Passion-fruit juice, purple, raw",169110,"Passion-fruit juice, yellow, raw",170402,"Chayote, fruit, raw",170144,"Seeds, breadfruit seeds, raw",168177,"Pears, asian, raw",168583,"Wasabi, root, raw",171715,"Carambola, (starfruit), raw",174474,"Pheasant, breast, meat only, raw",170027,"Potatoes, russet, flesh and skin, raw (Includes foods for USDA's Food Distribution Program)",169108,"Passion-fruit, (granadilla), purple, raw",claude_proposed,raw/plain form chosen
631,coffee,70.0,169988,"Celery, raw",169385,"Fennel, bulb, raw",172831,"Ruffed Grouse, breast meat, skinless, raw",169990,"Celtuce, raw",168170,"Roselle, raw",170402,"Chayote, fruit, raw",169224,"Cowpeas, leafy tips, raw",175208,"Cowpeas, catjang, mature seeds, raw",168405,"Cowpeas, young pods with seeds, raw",169220,"Cowpeas (blackeyes), immature seeds, raw",171890,"Beverages, coffee, brewed, prepared with tap water",claude_proposed,raw/plain form chosen
633,red_kidney_bean,84.52,173744,"Beans, kidney, red, mature seeds, raw",175193,"Beans, kidney, all types, mature seeds, raw",175196,"Beans, kidney, royal red, mature seeds, raw",169213,"Beans, kidney, mature seeds, sprouted, raw",173742,"Beans, kidney, california red, mature seeds, raw",174469,"Duck, wild, breast, meat only, raw",174726,"Beef, New Zealand, imported, inside, raw",173093,"Beef, New Zealand, imported, sweetbread, raw",173091,"Beef, New Zealand, imported, subcutaneous fat, raw",173083,"Beef, New Zealand, imported, intermuscular fat, raw",173744,"Beans, kidney, red, mature seeds, raw",claude_proposed,raw/plain form chosen
639,catfish,92.73,171952,"Fish, carp, raw",171958,"Fish, cusk, raw",173670,"Fish, ling, raw",175141,"Fish, scup, raw",173700,"Fish, spot, raw",171953,"Fish, cisco, raw",171950,"Fish, burbot, raw",171964,"Fish, haddock, raw",173671,"Fish, lingcod, raw",175176,"Fish, tilapia, raw",174186,"Fish, catfish, channel, wild, raw",claude_proposed,raw/plain form chosen
647,brown_rice,83.16,169726,"Wild rice, raw",167783,"Rowal, raw",167747,"Lemon juice, raw",169703,"Rice, brown, long-grain, raw (Includes foods for USDA's Food Distribution Program)",169706,"Rice, brown, medium-grain, raw (Includes foods for USDA's Food Distribution Program)",170377,"Broadbeans, immature seeds, raw",173043,"Groundcherries, (cape-gooseberries or poha), raw",169981,"Cardoon, raw",175202,"Beans, white, mature seeds, raw",174699,"Beef, ribeye cap steak, boneless, separable lean only, trimmed to 0"" fat, choice, raw",169703,"Rice, brown, long-grain, raw (Includes foods for USDA's Food Distribution Program)",claude_proposed,raw/plain form chosen
652,veal,155.0,175290,"Veal, ground, raw",174884,"Veal, seam fat only, raw",174882,"Veal, external fat only, raw",173828,"Veal, rib, separable lean only, raw",173849,"Veal, Australian, separable fat, raw",173826,"Veal, loin, separable lean only, raw",172645,"Veal, shank, separable lean only, raw",175275,"Veal, rib, separable lean and fat, raw",173823,"Veal, loin, separable lean and fat, raw",173840,"Veal, sirloin, separable lean only, raw",173815,"Veal, composite of trimmed retail cuts, separable lean and fat, raw",claude_proposed,raw/plain form chosen
658,cilantro,88.82,170922,"Spices, coriander seed",170921,"Spices, coriander leaf, dried",170919,"Spices, cardamom",171320,"Spices, cinnamon, ground",169997,"Coriander (cilantro) leaves, raw",170923,"Spices, cumin seed",169981,"Cardoon, raw",170393,"Carrots, raw",168568,"Carrots, baby, raw",170920,"Spices, celery seed",169997,"Coriander (cilantro) leaves, raw",claude_proposed,raw/plain form chosen
663,cayenne,91.54,171323,"Spices, fennel seed",169385,"Fennel, bulb, raw",171316,"Spices, anise seed",170922,"Spices, coriander seed",170402,"Chayote, fruit, raw",170920,"Spices, celery seed",168195,"Clementines, raw",170921,"Spices, coriander leaf, dried",170918,"Spices, caraway seed",170917,"Spices, bay leaf",170932,"Spices, pepper, red or cayenne",claude_proposed,raw/plain form chosen
671,endive,155.0,168412,"Endive, raw",169994,"Chives, raw",169385,"Fennel, bulb, raw",168195,"Clementines, raw",172420,"Lentils, raw",168427,"Lentils, sprouted, raw",174284,"Lentils, pink or red, raw",171727,"Elderberries, raw",168440,"New Zealand spinach, raw",169276,"Radishes, raw",168412,"Endive, raw",claude_proposed,raw/plain form chosen
674,clam,95.0,174370,"Lamb, ground, raw",174444,"Lamb, New Zealand, imported, heart, raw",172615,"Lamb, New Zealand, imported, liver, raw",174437,"Lamb, New Zealand, imported, brains, raw",174442,"Lamb, New Zealand, imported, kidney, raw",172619,"Lamb, New Zealand, imported, testes, raw",174446,"Lamb, New Zealand, imported, sweetbread, raw",172617,"Lamb, New Zealand, imported, ground lamb, raw",172525,"Lamb, variety meats and by-products, brain, raw",172527,"Lamb, variety meats and by-products, heart, raw",174214,"Mollusks, clam, mixed species, raw",claude_proposed,raw/plain form chosen
675,thyme,165.0,173470,"Thyme, fresh",170938,"Spices, thyme, dried",171326,"Spices, nutmeg, ground",172231,"Spices, turmeric, ground",170927,"Spices, mace, ground",170071,"Yam, raw",170402,"Chayote, fruit, raw",170073,"Yambean (jicama), raw",170456,"Tomatoes, green, raw",170502,"Tomatoes, orange, raw",173470,"Thyme, fresh",claude_proposed,raw/plain form chosen
676,blackberry,121.0,173947,"Blackberry juice, canned",173946,"Blackberries, raw",170432,"Pokeberry shoots, (poke), raw",171711,"Blueberries, raw",171710,"Blackberries, frozen, unsweetened",171709,"Blackberries, canned, heavy syrup, solids and liquids",169988,"Celery, raw",169913,"Mulberries, raw",170284,"Barley, pearled, raw",171722,"Cranberries, raw",173946,"Blackberries, raw",claude_proposed,raw/plain form chosen
694,shrimp,77.14,169376,"Mushroom, white, exposed to ultraviolet light, raw",173953,"Cherimoya, raw",169382,"Mushrooms, enoki, raw",168423,"Mushrooms, morel, raw",169251,"Mushrooms, white, raw",168580,"Mushrooms, oyster, raw",169403,"Mushrooms, maitake, raw",169242,"Mushrooms, shiitake, raw",169255,"Mushrooms, portabella, raw",168422,"Mushrooms, Chanterelle, raw",174210,"Crustaceans, shrimp, mixed species, raw (may contain additives to retain moisture)",claude_proposed,raw/plain form chosen
696,swiss_cheese,79.26,175144,"Fish, sheepshead, raw",170066,"Waterchestnuts, chinese, (matai), raw",169404,"Broccoli, chinese, raw",170095,"Radish seeds, sprouted, raw",174193,"Fish, eel, mixed species, raw",175142,"Fish, sea bass, mixed species, raw",170069,"Waxgourd, (chinese preserving melon), raw",169410,"Seeds, sesame butter, tahini, from raw and stone ground kernels",174989,"Croissants, cheese",168422,"Mushrooms, Chanterelle, raw",171251,"Cheese, swiss",claude_proposed,raw/plain form chosen
698,chive,145.91,169994,"Chives, raw",170075,"Chives, freeze-dried",171116,"Chicken, ground, raw",174465,"Chicken, capons, giblets, raw",173641,"Chicken, stewing, giblets, raw",172396,"Chicken, roasting, giblets, raw",171458,"Chicken, heart, all classes, raw",171060,"Chicken, liver, all classes, raw",172402,"Chicken, stewing, meat only, raw",173636,"Chicken, roasting, meat only, raw",169994,"Chives, raw",claude_proposed,raw/plain form chosen
703,white_bread,83.64,170070,"Winged bean tuber, raw",170478,"Winged bean leaves, raw",174283,"Winged beans, mature seeds, raw",170476,"Winged beans, immature seeds, raw",172876,"Turkey, breast, from whole bird, meat only, with added solution, raw",169994,"Chives, raw",170552,"Seeds, breadnut tree seeds, raw",175210,"Hyacinth beans, mature seeds, raw",169234,"Hyacinth-beans, immature seeds, raw",168429,"Lettuce, butterhead (includes boston and bibb types), raw",174924,"Bread, white, commercially prepared (includes soft bread crumbs)",claude_proposed,raw/plain form chosen
707,anise,165.0,171316,"Spices, anise seed",170417,"Parsnips, raw",169276,"Radishes, raw",168451,"Radishes, oriental, raw",170081,"Radishes, white icicle, raw",173471,Vanilla extract,169961,"Beans, snap, green, raw",168574,"Beans, fava, in pod, raw",169320,"Beans, snap, yellow, raw",173745,"Beans, navy, mature seeds, raw",171316,"Spices, anise seed",claude_proposed,raw/plain form chosen
716,sauerkraut,128.0,169279,"Sauerkraut, canned, solids and liquids",173964,"Currants, red and white, raw",173963,"Currants, european black, raw",168389,"Asparagus, raw",174687,"Jackfruit, raw",173034,"Grapefruit, raw, white, Florida",174676,"Grapefruit, raw, white, all areas",174677,"Grapefruit, raw, white, California",174675,"Grapefruit, raw, pink and red, Florida",174673,"Grapefruit, raw, pink and red, all areas",169279,"Sauerkraut, canned, solids and liquids",claude_proposed,raw/plain form chosen
717,strawberry,128.0,174869,"Strawberry-flavor beverage mix, powder",167762,"Strawberries, raw",171722,"Cranberries, raw",167755,"Raspberries, raw",168174,"Strawberries, frozen, sweetened, sliced",168172,"Strawberries, canned, heavy syrup pack, solids and liquids",168173,"Strawberries, frozen, unsweetened (Includes foods for USDA's Food Distribution Program)",170432,"Pokeberry shoots, (poke), raw",171505,"Turkey, Ground, raw",171083,"Turkey, whole, giblets, raw",167762,"Strawberries, raw",claude_proposed,raw/plain form chosen
724,cream,135.0,171257,"Cream, sour, cultured",171255,"Cream, fluid, half and half",170859,"Cream, fluid, heavy whipping",170858,"Cream, fluid, light whipping",171308,"Cream, half and half, lowfat",172212,"Cream, half and half, fat free",171256,"Cream, sour, reduced fat, cultured",170860,"Cream, whipped, cream topping, pressurized",167534,"Cream puff, eclair, custard or cream filled, iced",170857,"Cream, fluid, light (coffee cream or table cream)",170859,"Cream, fluid, heavy whipping",claude_proposed,raw/plain form chosen
729,roasted_almond,76.0,168171,"Rose-apples, raw",173689,"Fish, salmon, chum, raw",175138,"Fish, salmon, pink, raw",173688,"Fish, salmon, chinook, raw",173691,"Fish, salmon, sockeye, raw",175136,"Fish, salmon, coho, wild, raw",173715,"Fish, salmon, coho, farmed, raw",173686,"Fish, salmon, Atlantic, wild, raw",175167,"Fish, salmon, Atlantic, farmed, raw",172844,"Ostrich, round, raw",170158,"Nuts, almonds, dry roasted, without salt added",claude_proposed,raw/plain form chosen
735,pear,143.89,169118,"Pears, raw",168177,"Pears, asian, raw",167777,"Pears, raw, red anjou",167778,"Pears, raw, bosc (Includes foods for USDA's Food Distribution Program)",167776,"Pears, raw, bartlett (Includes foods for USDA's Food Distribution Program)",167779,"Pears, raw, green anjou (Includes foods for USDA's Food Distribution Program)",168186,"Pear nectar, canned, with added ascorbic acid",169940,"Pear nectar, canned, without added ascorbic acid",169121,"Pears, dried, sulfured, uncooked",168182,"Pears, canned, heavy syrup, drained",169118,"Pears, raw",claude_proposed,raw/plain form chosen
746,brussels_sprout,151.77,170383,"Brussels sprouts, raw",169972,"Brussels sprouts, frozen, unprepared",168513,"Brussels sprouts, cooked, boiled, drained, with salt",169971,"Brussels sprouts, cooked, boiled, drained, without salt",169332,"Brussels sprouts, frozen, cooked, boiled, drained, with salt",169973,"Brussels sprouts, frozen, cooked, boiled, drained, without salt",168427,"Lentils, sprouted, raw",173700,"Fish, spot, raw",173677,"Fish, pout, ocean, raw",173954,"Cherries, sour, red, raw",170383,"Brussels sprouts, raw",claude_proposed,raw/plain form chosen
750,porcini,74.55,168538,"Corn, sweet, white, raw",167812,"Pork, fresh, belly, raw",169998,"Corn, sweet, yellow, raw",167902,"Pork, fresh, ground, raw",167811,"Pork, fresh, backfat, raw",168287,"Pork, cured, salt pork, raw",167813,"Pork, fresh, separable fat, raw",169190,"Pork, ground, 96% lean / 4% fat, raw",168372,"Pork, ground, 84% lean / 16% fat, raw",168278,"Pork, cured, breakfast strips, raw or unheated",,,excluded_no_match,no USDA equivalent
756,lima_bean,149.74,168396,"Lima beans, immature seeds, raw",174252,"Lima beans, large, mature seeds, raw",174255,"Lima beans, thin seeded (baby), mature seeds, raw",174254,"Lima beans, large, mature seeds, canned",169955,"Lima beans, immature seeds, frozen, baby, unprepared",169953,"Lima beans, immature seeds, frozen, fordhook, unprepared",173802,"Lima beans, large, mature seeds, cooked, boiled, with salt",174253,"Lima beans, large, mature seeds, cooked, boiled, without salt",169316,"Lima beans, immature seeds, cooked, boiled, drained, with salt",169135,"Lima beans, immature seeds, cooked, boiled, drained, without salt",174252,"Lima beans, large, mature seeds, raw",claude_proposed,raw/plain form chosen
759,kidney_bean,92.73,170070,"Winged bean tuber, raw",170478,"Winged bean leaves, raw",174283,"Winged beans, mature seeds, raw",170476,"Winged beans, immature seeds, raw",169222,"Yardlong bean, raw",172876,"Turkey, breast, from whole bird, meat only, with added solution, raw",174471,"Guinea hen, meat only, raw",174256,"Mung beans, mature seeds, raw",172416,"Guinea hen, meat and skin, raw",168396,"Lima beans, immature seeds, raw",175193,"Beans, kidney, all types, mature seeds, raw",claude_proposed,raw/plain form chosen
775,tea,77.14,169308,"Taro, raw",170419,"Peas, green, raw",168487,"Taro leaves, raw",168489,"Taro shoots, raw",175290,"Veal, ground, raw",168419,"Jute, potherb, raw",169310,"Taro, tahitian, raw",170010,"Peas, edible-podded, raw",174884,"Veal, seam fat only, raw",174882,"Veal, external fat only, raw",173227,"Beverages, tea, black, brewed, prepared with tap water",claude_proposed,raw/plain form chosen
778,bergamot,77.14,169210,"Bamboo shoots, raw",169398,"Epazote, raw",169228,"Eggplant, raw",170375,"Beet greens, raw",175301,"Game meat, elk, raw",173845,"Game meat, bear, raw",173855,"Game meat, deer, raw",175303,"Game meat, goat, raw",175086,"Game meat, horse, raw",174344,"Game meat, moose, raw",,,excluded_no_match,no USDA equivalent
781,guava,145.91,173044,"Guavas, common, raw",173045,"Guavas, strawberry, raw",168210,"Guava nectar, with sucralose, canned",167784,"Guava nectar, canned, with added ascorbic acid",174686,"Guava sauce, cooked",168150,"Java-plum, (jambolan), raw",174471,"Guinea hen, meat only, raw",172416,"Guinea hen, meat and skin, raw",169387,"Arugula, raw",169985,"Cassava, raw",173044,"Guavas, common, raw",claude_proposed,raw/plain form chosen
804,roquefort_cheese,76.25,169404,"Broccoli, chinese, raw",170069,"Waxgourd, (chinese preserving melon), raw",173043,"Groundcherries, (cape-gooseberries or poha), raw",169236,"Jerusalem-artichokes, raw",168422,"Mushrooms, Chanterelle, raw",170066,"Waterchestnuts, chinese, (matai), raw",170164,"Nuts, chestnuts, chinese, raw",169413,"Nuts, chestnuts, japanese, raw",170575,"Nuts, chestnuts, european, raw, peeled",170574,"Nuts, chestnuts, european, raw, unpeeled",171250,"Cheese, roquefort",claude_proposed,raw/plain form chosen
809,herring,86.67,171719,"Cherries, sweet, raw",173954,"Cherries, sour, red, raw",169915,"Oheloberries, raw",173953,"Cherimoya, raw",173043,"Groundcherries, (cape-gooseberries or poha), raw",169913,"Mulberries, raw",169914,"Nectarines, raw",169943,"Persimmons, native, raw",169941,"Persimmons, japanese, raw",169105,"Tangerines, (mandarin oranges), raw",175116,"Fish, herring, Atlantic, raw",claude_proposed,raw/plain form chosen
823,malt,135.0,174863,"Malt beverage, includes non-alcoholic beer",169702,"Millet, raw",173468,"Salt, table",174268,Meat extender,168872,"Oat bran, raw",168421,"Kale, raw",168154,"Kumquats, raw",170499,"Shallots, raw",175290,"Veal, ground, raw",168385,"Amaranth leaves, raw",,,excluded_no_match,"malt extract, no USDA equivalent"
824,enokidake,73.33,168412,"Endive, raw",168571,"Nopales, raw",168459,"Sesbania flower, raw",168421,"Kale, raw",169260,"Okra, raw",169997,"Coriander (cilantro) leaves, raw",170481,"Borage, raw",168176,"Feijoa, raw",168195,"Clementines, raw",169103,"Orange peel, raw",169382,"Mushrooms, enoki, raw",claude_proposed,raw/plain form chosen
830,durian,148.0,168192,"Durian, raw or frozen",169274,"Purslane, raw",173964,"Currants, red and white, raw",173963,"Currants, european black, raw",169997,"Coriander (cilantro) leaves, raw",169103,"Orange peel, raw",170061,"Turnip greens, raw",169401,"Yautia (tannier), raw",172423,"Lupins, mature seeds, raw",174471,"Guinea hen, meat only, raw",,,excluded_no_match,no USDA equivalent
846,muscat_grape,81.54,169256,"Mustard greens, raw",168154,"Kumquats, raw",171725,"Custard-apple, (bullock's-heart), raw",169092,"Melons, cantaloupe, raw",170456,"Tomatoes, green, raw",170393,"Carrots, raw",169908,"Loquats, raw",169909,"Mammy-apple, (mamey), raw",170502,"Tomatoes, orange, raw",169274,"Purslane, raw",174683,"Grapes, red or green (European type, such as Thompson seedless), raw",claude_proposed,raw/plain form chosen
848,egg,155.0,172184,"Egg, yolk, raw, fresh",172183,"Egg, white, raw, fresh",171287,"Egg, whole, raw, fresh",172189,"Egg, duck, whole, fresh, raw",172190,"Egg, goose, whole, fresh, raw",172191,"Egg, quail, whole, fresh, raw",172192,"Egg, turkey, whole, fresh, raw",173421,"Egg, yolk, raw, frozen, pasteurized",172203,"Egg, white, raw, frozen, pasteurized",173436,"Egg, yolk, raw, frozen, salted, pasteurized",171287,"Egg, whole, raw, fresh",claude_proposed,raw/plain form chosen
849,turmeric,165.0,172231,"Spices, turmeric, ground",170061,"Turnip greens, raw",167745,"Turtle, green, raw",171505,"Turkey, Ground, raw",171083,"Turkey, whole, giblets, raw",172847,"Turkey, ground, fat free, raw",171480,"Turkey, whole, meat only, raw",171490,"Turkey, whole, light meat, raw",171484,"Turkey, all classes, heart, raw",171486,"Turkey, all classes, liver, raw",172231,"Spices, turmeric, ground",claude_proposed,raw/plain form chosen
857,katsuobushi,70.0,169300,"Succotash, (corn and limas), raw",168583,"Wasabi, root, raw",168472,"Squash, winter, acorn, raw",168565,"Squash, zucchini, baby, raw",169289,"Squash, summer, scallop, raw",168475,"Squash, winter, hubbard, raw",169295,"Squash, winter, butternut, raw",169298,"Squash, winter, spaghetti, raw",170487,"Squash, summer, all varieties, raw",170489,"Squash, winter, all varieties, raw",,,excluded_no_match,"dried bonito, no USDA equivalent"
858,raw_beef,77.78,174597,Roast beef spread,174570,"Roast beef, deli style, prepackaged, sliced",171400,"Fat, beef tallow",172956,"Bratwurst, beef and pork, smoked",169103,"Orange peel, raw",171564,"Gravy, beef, canned, ready-to-serve",168575,"Grape leaves, raw",167762,"Strawberries, raw",170095,"Radish seeds, sprouted, raw",174726,"Beef, New Zealand, imported, inside, raw",174036,"Beef, ground, 80% lean meat / 20% fat, raw",claude_proposed,raw/plain form chosen
861,smoked_fish,86.67,173676,"Fish, monkfish, raw",173675,"Fish, milkfish, raw",173684,"Fish, rockfish, Pacific, mixed species, raw",167812,"Pork, fresh, belly, raw",167902,"Pork, fresh, ground, raw",167811,"Pork, fresh, backfat, raw",167813,"Pork, fresh, separable fat, raw",168219,"Pork, fresh, carcass, separable lean and fat, raw",168299,"Pork, fresh, backribs, separable lean and fat, raw",168230,"Pork, fresh, loin, whole, separable lean only, raw",,,excluded_no_match,generic term
873,juniper_berry,70.0,170465,"Turnips, raw",169395,"Peppers, serrano, raw",175189,"Beans, cranberry (roman), mature seeds, raw",170432,"Pokeberry shoots, (poke), raw",168419,"Jute, potherb, raw",173045,"Guavas, strawberry, raw",170061,"Turnip greens, raw",169118,"Pears, raw",167777,"Pears, raw, red anjou",167778,"Pears, raw, bosc (Includes foods for USDA's Food Distribution Program)",,,excluded_no_match,no USDA equivalent
878,fish,155.0,171952,"Fish, carp, raw",171958,"Fish, cusk, raw",173670,"Fish, ling, raw",175141,"Fish, scup, raw",173700,"Fish, spot, raw",171953,"Fish, cisco, raw",171950,"Fish, burbot, raw",171964,"Fish, haddock, raw",173671,"Fish, lingcod, raw",175176,"Fish, tilapia, raw",,,excluded_no_match,"generic term, no single USDA food"
882,lemongrass,95.0,167746,"Lemons, raw, without peel",169089,"Longans, raw",167749,"Lemon peel, raw",168573,"Lemon grass (citronella), raw",167747,"Lemon juice, raw",171324,"Spices, fenugreek seed",172243,"Seasoning mix, dry, taco, original",173476,"Seasoning mix, dry, chili, original",172242,"Seasoning mix, dry, sazon, coriander & annatto",169910,"Mangos, raw",168573,"Lemon grass (citronella), raw",claude_proposed,raw/plain form chosen
889,quince,147.31,168163,"Quinces, raw",174471,"Guinea hen, meat only, raw",172416,"Guinea hen, meat and skin, raw",168879,"Rice, white, medium-grain, raw, enriched",168931,"Rice, white, short-grain, raw, unenriched",169760,"Rice, white, medium-grain, raw, unenriched",168877,"Rice, white, long-grain, regular, raw, enriched",169756,"Rice, white, long-grain, regular, raw, unenriched",169703,"Rice, brown, long-grain, raw (Includes foods for USDA's Food Distribution Program)",169706,"Rice, brown, medium-grain, raw (Includes foods for USDA's Food Distribution Program)",168163,"Quinces, raw",claude_proposed,raw/plain form chosen
898,concord_grape,79.26,169992,"Chicory greens, raw",170406,"Collards, raw",169219,"Cornsalad, raw",171725,"Custard-apple, (bullock's-heart), raw",170000,"Onions, raw",169981,"Cardoon, raw",168573,"Lemon grass (citronella), raw",173043,"Groundcherries, (cape-gooseberries or poha), raw",170379,"Broccoli, raw",168407,"Cress, garden, raw",174682,"Grapes, american type (slip skin), raw",claude_proposed,raw/plain form chosen
908,black_tea,80.0,168393,"Balsam-pear (bitter gourd), pods, raw",168391,"Balsam-pear (bitter gourd), leafy tips, raw",173946,"Blackberries, raw",168396,"Lima beans, immature seeds, raw",174252,"Lima beans, large, mature seeds, raw",174255,"Lima beans, thin seeded (baby), mature seeds, raw",172137,"Beef, plate steak, boneless, inside skirt, separable lean only, trimmed to 0"" fat, choice, raw",172139,"Beef, plate steak, boneless, inside skirt, separable lean only, trimmed to 0"" fat, select, raw",173378,"Beef, plate steak, boneless, outside skirt, separable lean only, trimmed to 0"" fat, choice, raw",172141,"Beef, plate steak, boneless, outside skirt, separable lean only, trimmed to 0"" fat, select, raw",173227,"Beverages, tea, black, brewed, prepared with tap water",claude_proposed,raw/plain form chosen
918,banana,147.31,173944,"Bananas, raw",173945,"Bananas, dehydrated, or banana powder",173634,"Canada Goose, breast meat only, skinless, raw",168459,"Sesbania flower, raw",169961,"Beans, snap, green, raw",168574,"Beans, fava, in pod, raw",169320,"Beans, snap, yellow, raw",173745,"Beans, navy, mature seeds, raw",173748,"Beans, pink, mature seeds, raw",173734,"Beans, black, mature seeds, raw",173944,"Bananas, raw",claude_proposed,raw/plain form chosen
923,gruyere_cheese,80.0,170069,"Waxgourd, (chinese preserving melon), raw",169979,"Cabbage, chinese (pe-tsai), raw",170390,"Cabbage, chinese (pak-choi), raw",173043,"Groundcherries, (cape-gooseberries or poha), raw",168575,"Grape leaves, raw",174471,"Guinea hen, meat only, raw",172416,"Guinea hen, meat and skin, raw",170066,"Waterchestnuts, chinese, (matai), raw",167944,"Bread, cheese",173869,"Liver cheese, pork",171242,"Cheese, gruyere",claude_proposed,raw/plain form chosen
925,haddock,92.73,170076,"Dock, raw",169974,"Burdock root, raw",174467,"Duck, domesticated, liver, raw",174468,"Duck, wild, meat and skin, raw",172410,"Duck, domesticated, meat only, raw",174469,"Duck, wild, breast, meat only, raw",172408,"Duck, domesticated, meat and skin, raw",169991,"Chard, swiss, raw",169371,"Dock, cooked, boiled, drained, with salt",170077,"Dock, cooked, boiled, drained, without salt",171964,"Fish, haddock, raw",claude_proposed,raw/plain form chosen
929,kiwi,116.54,168153,"Kiwifruit, green, raw",168211,"Kiwifruit, ZESPRI SunGold, raw",169726,"Wild rice, raw",168583,"Wasabi, root, raw",170070,"Winged bean tuber, raw",170478,"Winged bean leaves, raw",174283,"Winged beans, mature seeds, raw",170476,"Winged beans, immature seeds, raw",169086,"Litchis, raw",168448,"Pumpkin, raw",168153,"Kiwifruit, green, raw",claude_proposed,raw/plain form chosen
940,salmon,128.0,173721,"Salmon nuggets, breaded, frozen, heated",175174,"Salmon, sockeye, canned, total can contents",173722,"Salmon nuggets, cooked as purchased, unheated",173723,"Salmon, sockeye, canned, drained solids, without skin and bones",167749,"Lemon peel, raw",168573,"Lemon grass (citronella), raw",167746,"Lemons, raw, without peel",167747,"Lemon juice, raw",170499,"Shallots, raw",169222,"Yardlong bean, raw",175167,"Fish, salmon, Atlantic, farmed, raw",claude_proposed,raw/plain form chosen
943,mace,165.0,170927,"Spices, mace, ground",170935,"Spices, sage, ground",171315,"Spices, allspice, ground",169928,"Peaches, yellow, raw",171686,"Acerola, (west indian cherry), raw",173470,"Thyme, fresh",171316,"Spices, anise seed",168421,"Kale, raw",175301,"Game meat, elk, raw",170920,"Spices, celery seed",170927,"Spices, mace, ground",claude_proposed,raw/plain form chosen
944,oyster,81.54,174483,"Ostrich, fan, raw",172844,"Ostrich, round, raw",174481,"Ostrich, ground, raw",174487,"Ostrich, oyster, raw",174489,"Ostrich, top loin, raw",172839,"Ostrich, inside leg, raw",172845,"Ostrich, tenderloin, raw",174484,"Ostrich, outside leg, raw",172846,"Ostrich, tip trimmed, raw",172841,"Ostrich, inside strip, raw",171978,"Mollusks, oyster, eastern, wild, raw",claude_proposed,raw/plain form chosen
965,long_pepper,87.14,170932,"Spices, pepper, red or cayenne",167749,"Lemon peel, raw",169103,"Orange peel, raw",170931,"Spices, pepper, black",170933,"Spices, pepper, white",171327,"Spices, onion powder",169089,"Longans, raw",170106,"Peppers, hot chili, red, raw",170497,"Peppers, hot chili, green, raw",173474,"Peppermint, fresh",,,excluded_no_match,no USDA equivalent
976,laurel,72.63,169244,"Lambsquarters, raw",169230,"Garlic, raw",167765,"Watermelon, raw",167745,"Turtle, green, raw",171505,"Turkey, Ground, raw",170284,"Barley, pearled, raw",171083,"Turkey, whole, giblets, raw",172847,"Turkey, ground, fat free, raw",171480,"Turkey, whole, meat only, raw",171490,"Turkey, whole, light meat, raw",170917,"Spices, bay leaf",claude_proposed,raw/plain form chosen
983,elderberry,101.82,171727,"Elderberries, raw",170432,"Pokeberry shoots, (poke), raw",169988,"Celery, raw",171711,"Blueberries, raw",169915,"Oheloberries, raw",169913,"Mulberries, raw",171722,"Cranberries, raw",167755,"Raspberries, raw",173946,"Blackberries, raw",173030,"Gooseberries, raw",171727,"Elderberries, raw",claude_proposed,raw/plain form chosen
994,blue_cheese,81.54,169979,"Cabbage, chinese (pe-tsai), raw",170390,"Cabbage, chinese (pak-choi), raw",169404,"Broccoli, chinese, raw",167944,"Bread, cheese",173869,"Liver cheese, pork",170375,"Beet greens, raw",169247,"Lettuce, cos or romaine, raw",171711,"Blueberries, raw",169248,"Lettuce, iceberg (includes crisphead types), raw",170069,"Waxgourd, (chinese preserving melon), raw",172175,"Cheese, blue",claude_proposed,raw/plain form chosen
1000,scallop,86.67,170499,"Shallots, raw",169986,"Cauliflower, raw",169389,"Cauliflower, green, raw",167759,"Sapodilla, raw",168566,"Tomatillos, raw",167760,"Sapote, mamey, raw",169981,"Cardoon, raw",170393,"Carrots, raw",168170,"Roselle, raw",167761,"Soursop, raw",174220,"Mollusks, scallop, mixed species, raw",claude_proposed,raw/plain form chosen
1003,provolone_cheese,82.5,169404,"Broccoli, chinese, raw",169329,"Broccoli, leaves, raw",173043,"Groundcherries, (cape-gooseberries or poha), raw",168422,"Mushrooms, Chanterelle, raw",169928,"Peaches, yellow, raw",170026,"Potatoes, flesh and skin, raw",174281,"Yardlong beans, mature seeds, raw",170028,"Potatoes, white, flesh and skin, raw",167749,"Lemon peel, raw",169941,"Persimmons, japanese, raw",170850,"Cheese, provolone",claude_proposed,raw/plain form chosen
1008,buttermilk,83.16,170385,"Butterbur, (fuki), raw",173410,"Butter, salted",173430,"Butter, without salt",173412,"Butter oil, anhydrous",173411,"Butter, whipped, with salt",171314,"Butter, Clarified butter (ghee)",173581,"Butter, light, stick, with salt",172344,"Butter, light, stick, without salt",167765,"Watermelon, raw",169894,"Butter replacement, without fat, powder",170874,"Milk, buttermilk, fluid, cultured, lowfat",claude_proposed,raw/plain form chosen
1012,vinegar,135.0,173469,"Vinegar, cider",172241,"Vinegar, balsamic",172240,"Vinegar, red wine",172237,"Vinegar, distilled",169231,"Ginger root, raw",174471,"Guinea hen, meat only, raw",172416,"Guinea hen, meat and skin, raw",169129,"Pitanga, (surinam-cherry), raw",170474,"Vinespinach, (basella), raw",175290,"Veal, ground, raw",172237,"Vinegar, distilled",claude_proposed,raw/plain form chosen
1022,potato_chip,92.0,170028,"Potatoes, white, flesh and skin, raw",170026,"Potatoes, flesh and skin, raw",170032,"Potatoes, raw, skin",170029,"Potatoes, red, flesh and skin, raw",172846,"Ostrich, tip trimmed, raw",170027,"Potatoes, russet, flesh and skin, raw (Includes foods for USDA's Food Distribution Program)",171608,"Potato soup, instant, dry mix",169303,"Sweet potato leaves, raw",168482,"Sweet potato, raw, unprepared (Includes foods for USDA's Food Distribution Program)",170434,"Potatoes, white, flesh and skin, baked",169677,"Snacks, potato chips, plain, salted",claude_proposed,raw/plain form chosen
1026,black_currant,76.0,173964,"Currants, red and white, raw",173946,"Blackberries, raw",175189,"Beans, cranberry (roman), mature seeds, raw",172657,"Lamb, Australian, imported, fresh, seam fat, raw",172608,"Lamb, Australian, ground,  85% lean / 15% fat, raw",174892,"Lamb, Australian, imported, fresh, external fat, raw",172572,"Lamb, Australian, imported, fresh, separable fat, raw",172588,"Lamb, Australian, imported, fresh, loin, separable lean only, trimmed to 1/8"" fat, raw",172586,"Lamb, Australian, imported, fresh, loin, separable lean and fat, trimmed to 1/8"" fat, raw",174401,"Lamb, Australian, imported, fresh, foreshank, separable lean only, trimmed to 1/8"" fat, raw",173963,"Currants, european black, raw",claude_proposed,raw/plain form chosen
1044,cucumber,155.0,169225,"Cucumber, peeled, raw",168409,"Cucumber, with peel, raw",168151,"Jujube, raw",169990,"Celtuce, raw",169913,"Mulberries, raw",169988,"Celery, raw",171711,"Blueberries, raw",169986,"Cauliflower, raw",171722,"Cranberries, raw",169389,"Cauliflower, green, raw",168409,"Cucumber, with peel, raw",claude_proposed,raw/plain form chosen
1045,pimento,128.0,168559,"Pimento, canned",172436,"Pigeon peas (red gram), mature seeds, raw",173475,"Spearmint, fresh",167754,"Pummelo, raw",174263,"Peanuts, spanish, raw",172432,"Peanuts, valencia, raw",172434,"Peanuts, virginia, raw",172430,"Peanuts, all types, raw",173474,"Peppermint, fresh",174473,"Pheasant, raw, meat only",168559,"Pimento, canned",claude_proposed,raw/plain form chosen
1054,roasted_pork,86.67,173859,"Sausage, pork, chorizo, link or ground, raw",171619,"Bockwurst, pork, veal, raw",168170,"Roselle, raw",168171,"Rose-apples, raw",170502,"Tomatoes, orange, raw",169276,"Radishes, raw",168419,"Jute, potherb, raw",170032,"Potatoes, raw, skin",170029,"Potatoes, red, flesh and skin, raw",170457,"Tomatoes, red, ripe, raw, year round average",167818,"Pork, fresh, loin, whole, separable lean and fat, raw",claude_proposed,raw pork used for roasted
1062,kumquat,148.33,168154,"Kumquats, raw",169908,"Loquats, raw",169244,"Lambsquarters, raw",172419,"Quail, meat only, raw",172418,"Quail, meat and skin, raw",172829,"Quail, breast, meat only, raw",171079,"Squab, (pigeon), meat only, raw",174475,"Squab, (pigeon), meat and skin, raw",171080,"Squab, (pigeon), light meat without skin, raw",168472,"Squash, winter, acorn, raw",168154,"Kumquats, raw",claude_proposed,raw/plain form chosen
1088,pea,140.71,170419,"Peas, green, raw",170010,"Peas, edible-podded, raw",170422,"Peas, mature seeds, sprouted, raw",172428,"Peas, green, split, mature seeds, raw",169118,"Pears, raw",168177,"Pears, asian, raw",167777,"Pears, raw, red anjou",167778,"Pears, raw, bosc (Includes foods for USDA's Food Distribution Program)",167776,"Pears, raw, bartlett (Includes foods for USDA's Food Distribution Program)",167779,"Pears, raw, green anjou (Includes foods for USDA's Food Distribution Program)",170419,"Peas, green, raw",claude_proposed,raw/plain form chosen
1094,raspberry,121.0,168217,Raspberry juice concentrate,167755,"Raspberries, raw",170432,"Pokeberry shoots, (poke), raw",171722,"Cranberries, raw",167808,"Raspberries, puree, seedless",167809,"Raspberries, puree, with seeds",168575,"Grape leaves, raw",167762,"Strawberries, raw",173040,"Grapes, muscadine, raw",174682,"Grapes, american type (slip skin), raw",167755,"Raspberries, raw",claude_proposed,raw/plain form chosen
1096,smoked_salmon,86.67,173689,"Fish, salmon, chum, raw",175138,"Fish, salmon, pink, raw",173688,"Fish, salmon, chinook, raw",173691,"Fish, salmon, sockeye, raw",175136,"Fish, salmon, coho, wild, raw",173715,"Fish, salmon, coho, farmed, raw",173686,"Fish, salmon, Atlantic, wild, raw",175167,"Fish, salmon, Atlantic, farmed, raw",169410,"Seeds, sesame butter, tahini, from raw and stone ground kernels",174212,"Mollusks, abalone, mixed species, raw",171985,"Fish, salmon, chinook, smoked, (lox), regular",claude_proposed,raw/plain form chosen
1098,oatmeal,78.82,167765,"Watermelon, raw",170073,"Yambean (jicama), raw",175290,"Veal, ground, raw",175301,"Game meat, elk, raw",173845,"Game meat, bear, raw",173855,"Game meat, deer, raw",175303,"Game meat, goat, raw",175086,"Game meat, horse, raw",174344,"Game meat, moose, raw",175294,"Game meat, beaver, raw",173904,"Cereals, oats, regular and quick, not fortified, dry",claude_proposed,dry oats used
1114,green_bell_pepper,71.61,173855,"Game meat, deer, raw",172602,"Game meat, deer, ground, raw",174697,"Beef, ribeye  petite roast/filet, boneless, separable lean only, trimmed to 0"" fat, choice, raw",174698,"Beef, ribeye  petite roast/filet, boneless, separable lean only, trimmed to 0"" fat, select, raw",174696,"Beef, ribeye  petite roast/filet, boneless, separable lean only, trimmed to 0"" fat, all grades, raw",169103,"Orange peel, raw",168575,"Grape leaves, raw",175294,"Game meat, beaver, raw",168621,"Beef, rib eye, small end (ribs 10-12), separable lean only, trimmed to 0"" fat, select, raw",173380,"Beef, rib eye steak, boneless, lip off, separable lean only, trimmed to 0"" fat, choice, raw",170427,"Peppers, sweet, green, raw",claude_proposed,raw/plain form chosen
1117,cream_cheese,83.33,167944,"Bread, cheese",169979,"Cabbage, chinese (pe-tsai), raw",170390,"Cabbage, chinese (pak-choi), raw",169220,"Cowpeas (blackeyes), immature seeds, raw",174975,"Crackers, cheese, regular",175060,"Crackers, cheese, low sodium",167941,"Crackers, cheese, reduced fat",174084,"Crackers, cheese, whole grain",172206,"Parmesan cheese topping, fat free",167925,"Crackers, cheese, sandwich-type with cheese filling",173418,"Cheese, cream",claude_proposed,raw/plain form chosen
1120,apricot,148.33,171697,"Apricots, raw",173940,"Apricots, dehydrated (low-moisture), sulfured, stewed",171702,"Apricots, dehydrated (low-moisture), sulfured, uncooked",171704,"Apricot nectar, canned, with added ascorbic acid",171703,"Apricots, frozen, sweetened",173941,"Apricots, dried, sulfured, uncooked",167768,"Apricots, canned, heavy syrup, drained",173943,"Apricots, dried, sulfured, stewed, with added sugar",173942,"Apricots, dried, sulfured, stewed, without added sugar",171698,"Apricots, canned, water pack, with skin, solids and liquids",171697,"Apricots, raw",claude_proposed,raw/plain form chosen
1121,peppermint,165.0,173474,"Peppermint, fresh",170931,"Spices, pepper, black",170933,"Spices, pepper, white",170932,"Spices, pepper, red or cayenne",173475,"Spearmint, fresh",172239,"Spearmint, dried",169394,"Pepper, banana, raw",169395,"Peppers, serrano, raw",168576,"Peppers, jalapeno, raw",168578,"Peppers, hungarian, raw",173474,"Peppermint, fresh",claude_proposed,raw/plain form chosen
1125,dill,165.0,172233,"Dill weed, fresh",170925,"Spices, dill seed",171322,"Spices, dill weed, dried",173471,Vanilla extract,172235,"Vanilla extract, imitation, alcohol",172236,"Vanilla extract, imitation, no alcohol",167759,"Sapodilla, raw",169702,"Millet, raw",172232,"Basil, fresh",169726,"Wild rice, raw",172233,"Dill weed, fresh",claude_proposed,raw/plain form chosen
1132,lemon,155.0,167749,"Lemon peel, raw",168573,"Lemon grass (citronella), raw",167747,"Lemon juice, raw",167746,"Lemons, raw, without peel",167801,"Lemon juice from concentrate, bottled, CONCORD",167802,"Lemon juice from concentrate, bottled, REAL LEMON",167748,"Lemon juice from concentrate, canned or bottled",173666,"Lemonade, frozen concentrate, pink",173216,"Lemonade, frozen concentrate, white",174859,"Lemonade, powder, prepared with water",167746,"Lemons, raw, without peel",claude_proposed,raw/plain form chosen
1133,peach,138.33,169928,"Peaches, yellow, raw",168185,"Peach nectar, canned, with added ascorbic acid",169117,"Peach nectar, canned, with sucralose, without added ascorbic acid",169933,"Peaches, dehydrated (low-moisture), sulfured, stewed",169932,"Peaches, dehydrated (low-moisture), sulfured, uncooked",169934,"Peaches, dried, sulfured, uncooked",169116,"Peaches, frozen, sliced, sweetened",168181,"Peaches, canned, heavy syrup, drained",169929,"Peaches, canned, water pack, solids and liquids",169115,"Peaches, dried, sulfured, stewed, with added sugar",169928,"Peaches, yellow, raw",claude_proposed,raw/plain form chosen
1140,mustard,155.0,169256,"Mustard greens, raw",168438,"Mustard spinach, (tendergreen), raw",170929,"Spices, mustard seed, ground",172234,"Mustard, prepared, yellow",169258,"Mustard greens, frozen, unprepared",170503,"Mustard greens, cooked, boiled, drained, with salt",169257,"Mustard greens, cooked, boiled, drained, without salt",170505,"Mustard spinach, (tendergreen), cooked, boiled, drained, with salt",168439,"Mustard spinach, (tendergreen), cooked, boiled, drained, without salt",170504,"Mustard greens, frozen, cooked, boiled, drained, with salt",172234,"Mustard, prepared, yellow",claude_proposed,raw/plain form chosen
1141,kaffir_lime,70.0,168148,"Frog legs, raw",173670,"Fish, ling, raw",175128,"Fish, pike, walleye, raw",173680,"Fish, pike, northern, raw",172419,"Quail, meat only, raw",175146,"Fish, smelt, rainbow, raw",172418,"Quail, meat and skin, raw",169399,"Fireweed, leaves, raw",168487,"Taro leaves, raw",173689,"Fish, salmon, chum, raw",,,excluded_no_match,no USDA equivalent
1148,emmental_cheese,74.05,170066,"Waterchestnuts, chinese, (matai), raw",170375,"Beet greens, raw",174884,"Veal, seam fat only, raw",169256,"Mustard greens, raw",169928,"Peaches, yellow, raw",170164,"Nuts, chestnuts, chinese, raw",169413,"Nuts, chestnuts, japanese, raw",170575,"Nuts, chestnuts, european, raw, peeled",170574,"Nuts, chestnuts, european, raw, unpeeled",175266,"Veal, composite of trimmed retail cuts, separable fat, raw",171251,"Cheese, swiss",claude_proposed,emmental approximated by swiss
1152,wheat_bread,89.23,174474,"Pheasant, breast, meat only, raw",174392,"Veal, breast, whole, boneless, separable lean and fat, raw",174473,"Pheasant, raw, meat only",174472,"Pheasant, raw, meat and skin",169722,"Wheat bran, crude",169203,"Arrowhead, raw",173843,"Veal, cubed for stew (leg and shoulder), separable lean only, raw",169719,"Wheat, hard white",168889,"Wheat, hard red spring",168890,"Wheat, hard red winter",172688,"Bread, whole-wheat, commercially prepared",claude_proposed,raw/plain form chosen
1160,peanut,147.31,174263,"Peanuts, spanish, raw",172432,"Peanuts, valencia, raw",172434,"Peanuts, virginia, raw",172430,"Peanuts, all types, raw",172457,"Peanut spread, reduced sugar",169869,"Peanut butter, reduced sodium",172471,"Peanut butter with omega-3, creamy",172458,"Peanut butter, smooth, reduced fat",174265,"Peanut butter, chunk style, with salt",172469,"Peanut butter, chunk style, without salt",172430,"Peanuts, all types, raw",claude_proposed,raw/plain form chosen
1174,asparagus,155.0,168389,"Asparagus, raw",169208,"Asparagus, frozen, unprepared",169207,"Asparagus, canned, drained solids",168390,"Asparagus, cooked, boiled, drained",169313,"Asparagus, cooked, boiled, drained, with salt",169206,"Asparagus, canned, regular pack, solids and liquids",169314,"Asparagus, canned, no salt added, solids and liquids",168494,"Asparagus, frozen, cooked, boiled, drained, with salt",169209,"Asparagus, frozen, cooked, boiled, drained, without salt",169926,"Papayas, raw",168389,"Asparagus, raw",claude_proposed,raw/plain form chosen
1182,tarragon,158.0,170937,"Spices, tarragon, dried",169308,"Taro, raw",168487,"Taro leaves, raw",168489,"Taro shoots, raw",169310,"Taro, tahitian, raw",170934,"Spices, saffron",170919,"Spices, cardamom",169981,"Cardoon, raw",170393,"Carrots, raw",168568,"Carrots, baby, raw",170937,"Spices, tarragon, dried",claude_proposed,raw/plain form chosen
1183,soy_sauce,135.0,174278,Soy sauce made from soy (tamari),174277,Soy sauce made from soy and wheat (shoyu),174279,Soy sauce made from hydrolyzed vegetable protein,172473,"Soy sauce made from soy and wheat (shoyu), low sodium",172474,"Soy sauce, reduced sodium, made from hydrolyzed vegetable protein",175150,"Fish, sucker, white, raw",172445,"Soy meal, defatted, raw",174270,"Soybeans, mature seeds, raw",169284,"Soybeans, mature seeds, sprouted, raw",174273,"Soy flour, full-fat, raw",174277,Soy sauce made from soy and wheat (shoyu),claude_proposed,raw/plain form chosen
1193,buckwheat,135.0,170286,Buckwheat,170685,"Buckwheat groats, roasted, dry",170687,"Buckwheat flour, whole-groat",170686,"Buckwheat groats, roasted, cooked",171619,"Bockwurst, pork, veal, raw",167714,"Hearts of palm, raw",169721,"Wheat, durum",169725,"Wheat, sprouted",168892,"Wheat germ, crude",169719,"Wheat, hard white",170286,Buckwheat,claude_proposed,raw/plain form chosen
1194,popcorn,92.73,168538,"Corn, sweet, white, raw",169998,"Corn, sweet, yellow, raw",167812,"Pork, fresh, belly, raw",167902,"Pork, fresh, ground, raw",167811,"Pork, fresh, backfat, raw",168287,"Pork, cured, salt pork, raw",167813,"Pork, fresh, separable fat, raw",169190,"Pork, ground, 96% lean / 4% fat, raw",168372,"Pork, ground, 84% lean / 16% fat, raw",168278,"Pork, cured, breakfast strips, raw or unheated",167959,"Snacks, popcorn, air-popped",claude_proposed,raw/plain form chosen
1195,mussel,91.43,170383,"Brussels sprouts, raw",167744,"Mollusks, snail, raw",174216,"Mollusks, mussel, blue, raw",174218,"Mollusks, octopus, common, raw",174219,"Mollusks, oyster, Pacific, raw",171983,"Mollusks, whelk, unspecified, raw",174214,"Mollusks, clam, mixed species, raw",174223,"Mollusks, squid, mixed species, raw",171978,"Mollusks, oyster, eastern, wild, raw",174212,"Mollusks, abalone, mixed species, raw",174216,"Mollusks, mussel, blue, raw",claude_proposed,raw/plain form chosen
1196,peppermint_oil,84.0,170106,"Peppers, hot chili, red, raw",170497,"Peppers, hot chili, green, raw",169395,"Peppers, serrano, raw",173474,"Peppermint, fresh",168576,"Peppers, jalapeno, raw",169394,"Pepper, banana, raw",170108,"Peppers, sweet, red, raw",170427,"Peppers, sweet, green, raw",169383,"Peppers, sweet, yellow, raw",168578,"Peppers, hungarian, raw",,,excluded_no_match,essential oil
1197,apple,145.91,171689,"Apples, raw, without skin",168202,"Apples, raw, golden delicious, with skin",171688,"Apples, raw, with skin (Includes foods for USDA's Food Distribution Program)",167793,"Apples, raw, fuji, with skin (Includes foods for USDA's Food Distribution Program)",168204,"Apples, raw, gala, with skin (Includes foods for USDA's Food Distribution Program)",168203,"Apples, raw, granny smith, with skin (Includes foods for USDA's Food Distribution Program)",168201,"Apples, raw, red delicious, with skin (Includes foods for USDA's Food Distribution Program)",173928,"Apples, raw, without skin, cooked, boiled",173929,"Apples, raw, without skin, cooked, microwave",171690,"Apples, dehydrated (low moisture), sulfured, stewed",171688,"Apples, raw, with skin (Includes foods for USDA's Food Distribution Program)",claude_proposed,raw/plain form chosen
1199,lime,148.0,168156,"Lime juice, raw",168155,"Limes, raw",168157,"Lime juice, canned or bottled, unsweetened",168396,"Lima beans, immature seeds, raw",174252,"Lima beans, large, mature seeds, raw",174255,"Lima beans, thin seeded (baby), mature seeds, raw",174862,"Limeade, frozen concentrate, prepared with water",168421,"Kale, raw",174370,"Lamb, ground, raw",175301,"Game meat, elk, raw",168155,"Limes, raw",claude_proposed,raw/plain form chosen
1201,rutabaga,149.12,168454,"Rutabagas, raw",170528,"Rutabagas, cooked, boiled, drained, with salt",168455,"Rutabagas, cooked, boiled, drained, without salt",169387,"Arugula, raw",169975,"Cabbage, raw",167758,"Rhubarb, raw",169977,"Cabbage, red, raw",170388,"Cabbage, savoy, raw",169129,"Pitanga, (surinam-cherry), raw",169979,"Cabbage, chinese (pe-tsai), raw",168454,"Rutabagas, raw",claude_proposed,raw/plain form chosen
1204,crab,112.14,171721,"Crabapples, raw",171715,"Carambola, (starfruit), raw",169975,"Cabbage, raw",167758,"Rhubarb, raw",169977,"Cabbage, red, raw",170388,"Cabbage, savoy, raw",173952,"Carissa, (natal-plum), raw",169979,"Cabbage, chinese (pe-tsai), raw",170390,"Cabbage, chinese (pak-choi), raw",171686,"Acerola, (west indian cherry), raw",174204,"Crustaceans, crab, blue, raw",claude_proposed,raw/plain form chosen
1208,tangerine,149.74,169105,"Tangerines, (mandarin oranges), raw",169925,"Tangerine juice, raw",169924,"Tangerines, (mandarin oranges), canned, light syrup pack",169106,"Tangerines, (mandarin oranges), canned, juice pack",168184,"Tangerines, (mandarin oranges), canned, juice pack, drained",169914,"Nectarines, raw",171722,"Cranberries, raw",167762,"Strawberries, raw",167763,"Tamarinds, raw",169226,"Dandelion greens, raw",169105,"Tangerines, (mandarin oranges), raw",claude_proposed,raw/plain form chosen
1216,carrot,147.31,170393,"Carrots, raw",168568,"Carrots, baby, raw",170500,"Carrot, dehydrated",170491,"Carrot juice, canned",169339,"Carrots, cooked, boiled, drained, with salt",170396,"Carrots, canned, regular pack, drained solids",168518,"Carrots, canned, no salt added, drained solids",170394,"Carrots, cooked, boiled, drained, without salt",170395,"Carrots, canned, regular pack, solids and liquids",169340,"Carrots, canned, no salt added, solids and liquids",170393,"Carrots, raw",claude_proposed,raw/plain form chosen
1221,lamb,155.0,174370,"Lamb, ground, raw",174444,"Lamb, New Zealand, imported, heart, raw",172615,"Lamb, New Zealand, imported, liver, raw",174437,"Lamb, New Zealand, imported, brains, raw",174442,"Lamb, New Zealand, imported, kidney, raw",172619,"Lamb, New Zealand, imported, testes, raw",174446,"Lamb, New Zealand, imported, sweetbread, raw",172617,"Lamb, New Zealand, imported, ground lamb, raw",172525,"Lamb, variety meats and by-products, brain, raw",172527,"Lamb, variety meats and by-products, heart, raw",172479,"Lamb, composite of trimmed retail cuts, separable lean and fat, trimmed to 1/4"" fat, choice, raw",claude_proposed,raw/plain form chosen
1224,rhubarb,155.0,167758,"Rhubarb, raw",168168,"Rhubarb, frozen, uncooked",168169,"Rhubarb, frozen, cooked, with sugar",168454,"Rutabagas, raw",169991,"Chard, swiss, raw",168175,"Sugar-apples, (sweetsop), raw",171079,"Squab, (pigeon), meat only, raw",174475,"Squab, (pigeon), meat and skin, raw",171080,"Squab, (pigeon), light meat without skin, raw",169210,"Bamboo shoots, raw",167758,"Rhubarb, raw",claude_proposed,raw/plain form chosen
1232,kohlrabi,155.0,168424,"Kohlrabi, raw",169357,"Kohlrabi, cooked, boiled, drained, with salt",168425,"Kohlrabi, cooked, boiled, drained, without salt",169260,"Okra, raw",174370,"Lamb, ground, raw",169915,"Oheloberries, raw",174444,"Lamb, New Zealand, imported, heart, raw",172615,"Lamb, New Zealand, imported, liver, raw",174437,"Lamb, New Zealand, imported, brains, raw",174442,"Lamb, New Zealand, imported, kidney, raw",168424,"Kohlrabi, raw",claude_proposed,raw/plain form chosen
1233,cardamom,165.0,170919,"Spices, cardamom",171715,"Carambola, (starfruit), raw",169981,"Cardoon, raw",170918,"Spices, caraway seed",169991,"Chard, swiss, raw",171320,"Spices, cinnamon, ground",173634,"Canada Goose, breast meat only, skinless, raw",170393,"Carrots, raw",168568,"Carrots, baby, raw",173952,"Carissa, (natal-plum), raw",170919,"Spices, cardamom",claude_proposed,raw/plain form chosen
1235,mozzarella_cheese,73.33,168384,"Alfalfa seeds, sprouted, raw",168385,"Amaranth leaves, raw",169979,"Cabbage, chinese (pe-tsai), raw",170390,"Cabbage, chinese (pak-choi), raw",167944,"Bread, cheese",172206,"Parmesan cheese topping, fat free",169404,"Broccoli, chinese, raw",170069,"Waxgourd, (chinese preserving melon), raw",171686,"Acerola, (west indian cherry), raw",169220,"Cowpeas (blackeyes), immature seeds, raw",170845,"Cheese, mozzarella, whole milk",claude_proposed,raw/plain form chosen
1237,cabbage,155.0,169975,"Cabbage, raw",169977,"Cabbage, red, raw",170388,"Cabbage, savoy, raw",169979,"Cabbage, chinese (pe-tsai), raw",170390,"Cabbage, chinese (pak-choi), raw",169336,"Cabbage, common (danish, domestic, and pointed types), stored, raw",169335,"Cabbage, common (danish, domestic, and pointed types), freshly harvest, raw",170392,"Cabbage, kimchi",169891,"Cabbage, mustard, salted",169890,"Cabbage, japanese style, fresh, pickled",169975,"Cabbage, raw",claude_proposed,raw/plain form chosen
1238,pork_sausage,135.0,172934,"Pork sausage, link/patty, unprepared",171635,"Pork sausage, link/patty, reduced fat, unprepared",173882,"Pork sausage, reduced sodium, cooked",174578,"Pork sausage, link/patty, cooked, pan-fried",167698,"Pork sausage rice links, brown and serve, cooked",173876,"Pork sausage, link/patty, fully cooked, unheated",172971,"Pork sausage, link/patty, fully cooked, microwaved",171636,"Pork sausage, link/patty, reduced fat, cooked, pan-fried",169187,"Pork, Shoulder breast, boneless, separable lean and fat, raw",168369,"Pork, Shoulder petite tender, boneless, separable lean and fat, raw",172934,"Pork sausage, link/patty, unprepared",claude_proposed,raw/plain form chosen
1240,tomato,140.71,170456,"Tomatoes, green, raw",170502,"Tomatoes, orange, raw",170096,"Tomatoes, yellow, raw",170457,"Tomatoes, red, ripe, raw, year round average",170461,Tomato powder,167708,"Tomato and vegetable juice, low sodium",170546,"Tomato products, canned, puree, with salt added",170460,"Tomato products, canned, puree, without salt added",170459,"Tomato products, canned, paste, without salt added (Includes foods for USDA's Food Distribution Program)",170054,"Tomato products, canned, sauce",170457,"Tomatoes, red, ripe, raw, year round average",claude_proposed,raw/plain form chosen
1250,peanut_oil,96.19,172430,"Peanuts, all types, raw",174263,"Peanuts, spanish, raw",172417,"Pheasant, leg, meat only, raw",172432,"Peanuts, valencia, raw",172434,"Peanuts, virginia, raw",170010,"Peas, edible-podded, raw",174262,"Peanuts, all types, dry-roasted, with salt",174261,"Peanuts, all types, oil-roasted, with salt",173806,"Peanuts, all types, dry-roasted, without salt",175258,"Peanuts, all types, oil-roasted, without salt",171410,"Oil, peanut, salad or cooking",claude_proposed,raw/plain form chosen
1255,walnut,81.54,174263,"Peanuts, spanish, raw",172432,"Peanuts, valencia, raw",172434,"Peanuts, virginia, raw",172430,"Peanuts, all types, raw",170157,"Nuts, acorns, raw",170162,"Nuts, cashew nuts, raw",170584,"Nuts, ginkgo nuts, raw",170169,"Nuts, coconut meat, raw",170178,"Nuts, macadamia nuts, raw",170184,"Nuts, pistachio nuts, raw",170187,"Nuts, walnuts, english",claude_proposed,raw/plain form chosen
1257,orange,155.0,169103,"Orange peel, raw",169098,"Orange juice, raw (Includes foods for USDA's Food Distribution Program)",169918,"Oranges, raw, Florida",169919,"Oranges, raw, with peel",169916,"Oranges, raw, California, valencias",169097,"Oranges, raw, all commercial varieties",169917,"Oranges, raw, navels (Includes foods for USDA's Food Distribution Program)",167792,Orange Pineapple Juice Blend,169099,"Orange juice, canned, unsweetened",169100,"Orange juice, chilled, includes from concentrate",169097,"Oranges, raw, all commercial varieties",claude_proposed,raw/plain form chosen
1258,roasted_pecan,78.33,168171,"Rose-apples, raw",174682,"Grapes, american type (slip skin), raw",173963,"Currants, european black, raw",170456,"Tomatoes, green, raw",170552,"Seeds, breadnut tree seeds, raw",168872,"Oat bran, raw",168170,"Roselle, raw",169103,"Orange peel, raw",174483,"Ostrich, fan, raw",170502,"Tomatoes, orange, raw",170183,"Nuts, pecans, dry roasted, without salt added",claude_proposed,raw/plain form chosen
1261,citrus,74.55,169250,"Lotus root, raw",168407,"Cress, garden, raw",169994,"Chives, raw",169914,"Nectarines, raw",175179,"Crustaceans, shrimp, raw",174204,"Crustaceans, crab, blue, raw",171969,"Crustaceans, crab, queen, raw",171968,"Crustaceans, crab, dungeness, raw",175164,"Crustaceans, crab, alaska king, raw",174208,"Crustaceans, lobster, northern, raw",,,excluded_no_match,generic term
1267,coriander,165.0,170922,"Spices, coriander seed",170921,"Spices, coriander leaf, dried",169997,"Coriander (cilantro) leaves, raw",169103,"Orange peel, raw",170926,"Spices, ginger, ground",169918,"Oranges, raw, Florida",169919,"Oranges, raw, with peel",169916,"Oranges, raw, California, valencias",169097,"Oranges, raw, all commercial varieties",169917,"Oranges, raw, navels (Includes foods for USDA's Food Distribution Program)",170922,"Spices, coriander seed",claude_proposed,raw/plain form chosen
1269,cider,91.43,169997,"Coriander (cilantro) leaves, raw",169988,"Celery, raw",169994,"Chives, raw",169231,"Ginger root, raw",170922,"Spices, coriander seed",169986,"Cauliflower, raw",169993,"Chicory roots, raw",169992,"Chicory greens, raw",171116,"Chicken, ground, raw",170404,"Chicory, witloof, raw",,,excluded_no_match,ambiguous (alcoholic vs apple cider)
1280,mate,86.67,170456,"Tomatoes, green, raw",170502,"Tomatoes, orange, raw",170096,"Tomatoes, yellow, raw",169301,"Water convolvulus,raw",170457,"Tomatoes, red, ripe, raw, year round average",167760,"Sapote, mamey, raw",174268,Meat extender,172967,"Pate, truffle flavor",170927,"Spices, mace, ground",174863,"Malt beverage, includes non-alcoholic beer",,,excluded_no_match,no USDA equivalent
1281,barley,155.0,170284,"Barley, pearled, raw",170283,"Barley, hulled",169740,Barley malt flour,169739,Barley flour or meal,170285,"Barley, pearled, cooked",168421,"Kale, raw",170416,"Parsley, fresh",170481,"Borage, raw",169988,"Celery, raw",169230,"Garlic, raw",170284,"Barley, pearled, raw",claude_proposed,raw/plain form chosen
1292,bell_pepper,74.55,170106,"Peppers, hot chili, red, raw",170497,"Peppers, hot chili, green, raw",168393,"Balsam-pear (bitter gourd), pods, raw",168391,"Balsam-pear (bitter gourd), leafy tips, raw",169394,"Pepper, banana, raw",170108,"Peppers, sweet, red, raw",170427,"Peppers, sweet, green, raw",169383,"Peppers, sweet, yellow, raw",174882,"Veal, external fat only, raw",169124,"Pineapple, raw, all varieties",170108,"Peppers, sweet, red, raw",claude_proposed,raw/plain form chosen
1298,romano_cheese,82.07,169404,"Broccoli, chinese, raw",172206,"Parmesan cheese topping, fat free",173043,"Groundcherries, (cape-gooseberries or poha), raw",170457,"Tomatoes, red, ripe, raw, year round average",170069,"Waxgourd, (chinese preserving melon), raw",174989,"Croissants, cheese",168422,"Mushrooms, Chanterelle, raw",167944,"Bread, cheese",170456,"Tomatoes, green, raw",169103,"Orange peel, raw",171249,"Cheese, romano",claude_proposed,raw/plain form chosen
1305,shallot,148.33,170499,"Shallots, raw",170082,"Shallots, freeze-dried",167760,"Sapote, mamey, raw",170402,"Chayote, fruit, raw",173468,"Salt, table",167759,"Sapodilla, raw",169250,"Lotus root, raw",168566,"Tomatillos, raw",169702,"Millet, raw",167714,"Hearts of palm, raw",170499,"Shallots, raw",claude_proposed,raw/plain form chosen
1320,clove,155.91,171321,"Spices, cloves, ground",170920,"Spices, celery seed",169988,"Celery, raw",169994,"Chives, raw",170927,"Spices, mace, ground",170922,"Spices, coriander seed",169990,"Celtuce, raw",169986,"Cauliflower, raw",170402,"Chayote, fruit, raw",169389,"Cauliflower, green, raw",171321,"Spices, cloves, ground",claude_proposed,raw/plain form chosen
1334,matsutake,73.33,167745,"Turtle, green, raw",171505,"Turkey, Ground, raw",169401,"Yautia (tannier), raw",171083,"Turkey, whole, giblets, raw",172847,"Turkey, ground, fat free, raw",171480,"Turkey, whole, meat only, raw",171490,"Turkey, whole, light meat, raw",171484,"Turkey, all classes, heart, raw",171486,"Turkey, all classes, liver, raw",171085,"Turkey, gizzard, all classes, raw",,,excluded_no_match,no USDA equivalent
1337,sour_cherry,74.55,167761,"Soursop, raw",169232,"Gourd, white-flowered (calabash), raw",175189,"Beans, cranberry (roman), mature seeds, raw",173669,"Fish, herring, Pacific, raw",175116,"Fish, herring, Atlantic, raw",170069,"Waxgourd, (chinese preserving melon), raw",169187,"Pork, Shoulder breast, boneless, separable lean and fat, raw",168369,"Pork, Shoulder petite tender, boneless, separable lean and fat, raw",174487,"Ostrich, oyster, raw",168287,"Pork, cured, salt pork, raw",173954,"Cherries, sour, red, raw",claude_proposed,raw/plain form chosen
1338,chicken,155.0,171116,"Chicken, ground, raw",174465,"Chicken, capons, giblets, raw",173641,"Chicken, stewing, giblets, raw",172396,"Chicken, roasting, giblets, raw",171458,"Chicken, heart, all classes, raw",171060,"Chicken, liver, all classes, raw",172402,"Chicken, stewing, meat only, raw",173636,"Chicken, roasting, meat only, raw",171456,"Chicken, gizzard, all classes, raw",173645,"Chicken, capons, meat and skin, raw",171052,"Chicken, broilers or fryers, meat only, raw",claude_proposed,raw/plain form chosen
1348,bean,143.89,169961,"Beans, snap, green, raw",168574,"Beans, fava, in pod, raw",169320,"Beans, snap, yellow, raw",173745,"Beans, navy, mature seeds, raw",173748,"Beans, pink, mature seeds, raw",173734,"Beans, black, mature seeds, raw",175202,"Beans, white, mature seeds, raw",173727,"Beans, adzuki, mature seeds, raw",173738,"Beans, french, mature seeds, raw",173751,"Beans, yellow, mature seeds, raw",175199,"Beans, pinto, mature seeds, raw (Includes foods for USDA's Food Distribution Program)",claude_proposed,generic bean assumed to be a dry bean (pinto)
1356,nutmeg,165.0,171326,"Spices, nutmeg, ground",173470,"Thyme, fresh",170157,"Nuts, acorns, raw",168419,"Jute, potherb, raw",170162,"Nuts, cashew nuts, raw",170584,"Nuts, ginkgo nuts, raw",170169,"Nuts, coconut meat, raw",170178,"Nuts, macadamia nuts, raw",170184,"Nuts, pistachio nuts, raw",170164,"Nuts, chestnuts, chinese, raw",171326,"Spices, nutmeg, ground",claude_proposed,raw/plain form chosen
1370,cauliflower,155.0,169986,"Cauliflower, raw",169389,"Cauliflower, green, raw",170398,"Cauliflower, frozen, unprepared",169391,"Cauliflower, green, cooked, with salt",169390,"Cauliflower, green, cooked, no salt added",168520,"Cauliflower, cooked, boiled, drained, with salt",170397,"Cauliflower, cooked, boiled, drained, without salt",168521,"Cauliflower, frozen, cooked, boiled, drained, with salt",170399,"Cauliflower, frozen, cooked, boiled, drained, without salt",169988,"Celery, raw",169986,"Cauliflower, raw",claude_proposed,raw/plain form chosen
1373,prickly_pear,151.0,167750,"Prickly pears, raw",170284,"Barley, pearled, raw",171458,"Chicken, heart, all classes, raw",168393,"Balsam-pear (bitter gourd), pods, raw",171488,"Turkey, dark meat, meat and skin, raw",172436,"Pigeon peas (red gram), mature seeds, raw",168391,"Balsam-pear (bitter gourd), leafy tips, raw",174507,"Turkey, dark meat from whole, meat only, with added solution, raw",174509,"Turkey, dark meat from whole, meat and skin, with added solution, raw",171697,"Apricots, raw",167750,"Prickly pears, raw",claude_proposed,raw/plain form chosen
1375,black_raspberry,86.67,175189,"Beans, cranberry (roman), mature seeds, raw",173778,SILK Raspberry soy yogurt,173946,"Blackberries, raw",173045,"Guavas, strawberry, raw",168393,"Balsam-pear (bitter gourd), pods, raw",168391,"Balsam-pear (bitter gourd), leafy tips, raw",167755,"Raspberries, raw",171619,"Bockwurst, pork, veal, raw",175228,SILK Strawberry soy yogurt,171722,"Cranberries, raw",167755,"Raspberries, raw",claude_proposed,black raspberry approximated by raspberry
1379,marjoram,158.0,170928,"Spices, marjoram, dried",170919,"Spices, cardamom",171686,"Acerola, (west indian cherry), raw",170937,"Spices, tarragon, dried",170936,"Spices, savory, ground",169260,"Okra, raw",169308,"Taro, raw",171329,"Spices, paprika",170934,"Spices, saffron",168487,"Taro leaves, raw",170928,"Spices, marjoram, dried",claude_proposed,raw/plain form chosen
1390,cured_pork,86.67,171619,"Bockwurst, pork, veal, raw",173859,"Sausage, pork, chorizo, link or ground, raw",171488,"Turkey, dark meat, meat and skin, raw",174507,"Turkey, dark meat from whole, meat only, with added solution, raw",174509,"Turkey, dark meat from whole, meat and skin, with added solution, raw",168419,"Jute, potherb, raw",173954,"Cherries, sour, red, raw",171725,"Custard-apple, (bullock's-heart), raw",168287,"Pork, cured, salt pork, raw",170199,"Beef, cured, corned beef, brisket, raw",167875,"Pork, cured, ham, whole, separable lean and fat, unheated",claude_proposed,cured pork approximated by ham
1399,vanilla,165.0,173471,Vanilla extract,172235,"Vanilla extract, imitation, alcohol",172236,"Vanilla extract, imitation, no alcohol",172233,"Dill weed, fresh",170925,"Spices, dill seed",167759,"Sapodilla, raw",172232,"Basil, fresh",171316,"Spices, anise seed",171322,"Spices, dill weed, dried",168384,"Alfalfa seeds, sprouted, raw",173471,Vanilla extract,claude_proposed,raw/plain form chosen
1401,parmesan_cheese,135.0,172206,"Parmesan cheese topping, fat free",170066,"Waterchestnuts, chinese, (matai), raw",169928,"Peaches, yellow, raw",167944,"Bread, cheese",168385,"Amaranth leaves, raw",169979,"Cabbage, chinese (pe-tsai), raw",170390,"Cabbage, chinese (pak-choi), raw",174474,"Pheasant, breast, meat only, raw",169941,"Persimmons, japanese, raw",172417,"Pheasant, leg, meat only, raw",170848,"Cheese, parmesan, hard",claude_proposed,raw/plain form chosen
1403,pork_liver,97.78,169186,"Pork, Leg Cap Steak, boneless, separable lean and fat, raw",168371,"Pork, Leg sirloin tip roast, boneless, separable lean and fat, raw",168376,"Pork loin, fresh, backribs, bone-in, raw, lean only",169187,"Pork, Shoulder breast, boneless, separable lean and fat, raw",168369,"Pork, Shoulder petite tender, boneless, separable lean and fat, raw",172415,"Goose, liver, raw",171060,"Chicken, liver, all classes, raw",167812,"Pork, fresh, belly, raw",167902,"Pork, fresh, ground, raw",167811,"Pork, fresh, backfat, raw",167862,"Pork, fresh, variety meats and by-products, liver, raw",claude_proposed,raw/plain form chosen
1407,squid,80.0,172419,"Quail, meat only, raw",172418,"Quail, meat and skin, raw",172829,"Quail, breast, meat only, raw",171079,"Squab, (pigeon), meat only, raw",174475,"Squab, (pigeon), meat and skin, raw",171080,"Squab, (pigeon), light meat without skin, raw",168472,"Squash, winter, acorn, raw",168565,"Squash, zucchini, baby, raw",169289,"Squash, summer, scallop, raw",168475,"Squash, winter, hubbard, raw",174223,"Mollusks, squid, mixed species, raw",claude_proposed,raw/plain form chosen
1412,sesame_seed,80.87,169410,"Seeds, sesame butter, tahini, from raw and stone ground kernels",169280,"Seaweed, agar, raw",168457,"Seaweed, kelp, raw",170095,"Radish seeds, sprouted, raw",175301,"Game meat, elk, raw",168458,"Seaweed, laver, raw",173845,"Game meat, bear, raw",173855,"Game meat, deer, raw",175303,"Game meat, goat, raw",175086,"Game meat, horse, raw",170150,"Seeds, sesame seeds, whole, dried",claude_proposed,raw/plain form chosen
1415,fenugreek,165.0,171324,"Spices, fenugreek seed",171323,"Spices, fennel seed",169385,"Fennel, bulb, raw",170926,"Spices, ginger, ground",171326,"Spices, nutmeg, ground",173469,"Vinegar, cider",172241,"Vinegar, balsamic",172240,"Vinegar, red wine",172237,"Vinegar, distilled",169399,"Fireweed, leaves, raw",171324,"Spices, fenugreek seed",claude_proposed,raw/plain form chosen
1421,broccoli,155.0,170379,"Broccoli, raw",170381,"Broccoli raab, raw",169329,"Broccoli, leaves, raw",169331,"Broccoli, stalks, raw",169404,"Broccoli, chinese, raw",169330,"Broccoli, flower clusters, raw",170382,"Broccoli raab, cooked",169392,"Broccoli, chinese, cooked",169968,"Broccoli, frozen, chopped, unprepared",168510,"Broccoli, cooked, boiled, drained, with salt",170379,"Broccoli, raw",claude_proposed,raw/plain form chosen
1422,feta_cheese,78.26,167944,"Bread, cheese",169928,"Peaches, yellow, raw",170375,"Beet greens, raw",168487,"Taro leaves, raw",175144,"Fish, sheepshead, raw",169979,"Cabbage, chinese (pe-tsai), raw",170390,"Cabbage, chinese (pak-choi), raw",170069,"Waxgourd, (chinese preserving melon), raw",169249,"Lettuce, green leaf, raw",174884,"Veal, seam fat only, raw",173420,"Cheese, feta",claude_proposed,raw/plain form chosen
1435,oat,148.0,168872,"Oat bran, raw",169741,"Oat flour, partially debranned",168873,"Oat bran, cooked",169705,Oats (Includes foods for USDA's Food Distribution Program),169908,"Loquats, raw",169260,"Okra, raw",174597,Roast beef spread,174570,"Roast beef, deli style, prepackaged, sliced",170032,"Potatoes, raw, skin",170456,"Tomatoes, green, raw",173904,"Cereals, oats, regular and quick, not fortified, dry",claude_proposed,raw/plain form chosen
1446,lovage,96.67,171321,"Spices, cloves, ground",170935,"Spices, sage, ground",170481,"Borage, raw",169103,"Orange peel, raw",169918,"Oranges, raw, Florida",169919,"Oranges, raw, with peel",169916,"Oranges, raw, California, valencias",169097,"Oranges, raw, all commercial varieties",169917,"Oranges, raw, navels (Includes foods for USDA's Food Distribution Program)",169098,"Orange juice, raw (Includes foods for USDA's Food Distribution Program)",,,excluded_no_match,no USDA equivalent
1447,onion,145.91,170000,"Onions, raw",170008,"Onions, sweet, raw",170007,"Onions, welsh, raw",170005,"Onions, spring or scallions (includes tops and bulb), raw",171327,"Spices, onion powder",170414,"Onion rings, breaded, par fried, frozen, unprepared",170004,"Onions, yellow, sauteed",170002,"Onions, dehydrated flakes",170006,"Onions, young green, tops only",170415,"Onion rings, breaded, par fried, frozen, prepared, heated in oven",170000,"Onions, raw",claude_proposed,raw/plain form chosen
1469,truffle,96.92,172831,"Ruffed Grouse, breast meat, skinless, raw",167745,"Turtle, green, raw",169236,"Jerusalem-artichokes, raw",171505,"Turkey, Ground, raw",170284,"Barley, pearled, raw",171083,"Turkey, whole, giblets, raw",172847,"Turkey, ground, fat free, raw",171480,"Turkey, whole, meat only, raw",171490,"Turkey, whole, light meat, raw",171484,"Turkey, all classes, heart, raw",,,excluded_no_match,no USDA equivalent
1471,pepper,165.0,170931,"Spices, pepper, black",170933,"Spices, pepper, white",170932,"Spices, pepper, red or cayenne",169394,"Pepper, banana, raw",169395,"Peppers, serrano, raw",168576,"Peppers, jalapeno, raw",168578,"Peppers, hungarian, raw",170108,"Peppers, sweet, red, raw",170427,"Peppers, sweet, green, raw",169383,"Peppers, sweet, yellow, raw",170931,"Spices, pepper, black",claude_proposed,generic pepper assumed to be black pepper
1478,black_bean,90.0,168396,"Lima beans, immature seeds, raw",174252,"Lima beans, large, mature seeds, raw",174255,"Lima beans, thin seeded (baby), mature seeds, raw",173946,"Blackberries, raw",175210,"Hyacinth beans, mature seeds, raw",169234,"Hyacinth-beans, immature seeds, raw",168393,"Balsam-pear (bitter gourd), pods, raw",168391,"Balsam-pear (bitter gourd), leafy tips, raw",169222,"Yardlong bean, raw",174256,"Mung beans, mature seeds, raw",173734,"Beans, black, mature seeds, raw",claude_proposed,raw/plain form chosen
1481,cranberry,128.0,168117,"Cranberry juice, unsweetened",173962,"Cranberry-orange relish, canned",171903,"Cranberry juice cocktail, bottled",168212,"Cranberry juice blend, 100% juice, bottled, with added vitamin C and calcium",171904,"Cranberry juice cocktail, bottled, low calorie, with calcium, saccharin and corn sweetener",173961,"Cranberry sauce, canned, sweetened",167803,"Cranberry sauce, whole, canned, OCEAN SPRAY",167804,"Cranberry sauce, jellied, canned, OCEAN SPRAY",173653,"Cranberry juice cocktail, frozen concentrate",173654,"Cranberry juice cocktail, frozen concentrate, prepared with water",171722,"Cranberries, raw",claude_proposed,raw/plain form chosen
1482,mandarin_peel,80.87,167749,"Lemon peel, raw",169103,"Orange peel, raw",168215,"Plantains, green, raw",169226,"Dandelion greens, raw",169130,"Plantains, yellow, raw",168385,"Amaranth leaves, raw",169225,"Cucumber, peeled, raw",169105,"Tangerines, (mandarin oranges), raw",170008,"Onions, sweet, raw",170007,"Onions, welsh, raw",,,excluded_no_match,no USDA equivalent
1488,cocoa,135.0,171887,"Cocoa mix, NESTLE, Rich Chocolate Hot Cocoa Mix",169300,"Succotash, (corn and limas), raw",169981,"Cardoon, raw",169993,"Chicory roots, raw",169992,"Chicory greens, raw",170404,"Chicory, witloof, raw",169224,"Cowpeas, leafy tips, raw",171686,"Acerola, (west indian cherry), raw",175208,"Cowpeas, catjang, mature seeds, raw",168405,"Cowpeas, young pods with seeds, raw",169593,"Cocoa, dry powder, unsweetened",claude_proposed,raw/plain form chosen
1494,caviar,81.54,169985,"Cassava, raw",173952,"Carissa, (natal-plum), raw",168150,"Java-plum, (jambolan), raw",169991,"Chard, swiss, raw",169997,"Coriander (cilantro) leaves, raw",173044,"Guavas, common, raw",169401,"Yautia (tannier), raw",173045,"Guavas, strawberry, raw",173634,"Canada Goose, breast meat only, skinless, raw",169986,"Cauliflower, raw",175132,"Fish, roe, mixed species, raw",claude_proposed,raw/plain form chosen
1497,sturgeon_caviar,77.14,173701,"Fish, sturgeon, mixed species, raw",171085,"Turkey, gizzard, all classes, raw",171488,"Turkey, dark meat, meat and skin, raw",174507,"Turkey, dark meat from whole, meat only, with added solution, raw",174509,"Turkey, dark meat from whole, meat and skin, with added solution, raw",171631,"Sausage, Italian, pork, mild, raw",171504,"Turkey, mechanically deboned, from turkey frames, raw",169093,"Melons, casaba, raw",169310,"Taro, tahitian, raw",174517,"Turkey, retail parts, wing, meat only, raw",175132,"Fish, roe, mixed species, raw",claude_proposed,raw/plain form chosen
1503,lime_peel_oil,79.26,167749,"Lemon peel, raw",174193,"Fish, eel, mixed species, raw",174313,"Lamb, leg, whole (shank and sirloin), separable lean only, trimmed to 1/4"" fat, choice, raw",174311,"Lamb, leg, whole (shank and sirloin), separable lean and fat, trimmed to 1/4"" fat, choice, raw",174372,"Lamb, leg, whole (shank and sirloin), separable lean and fat, trimmed to 1/8"" fat, choice, raw",169103,"Orange peel, raw",169225,"Cucumber, peeled, raw",174255,"Lima beans, thin seeded (baby), mature seeds, raw",174000,"Beef, loin, tenderloin roast, boneless, separable lean only, trimmed to 0"" fat, choice, raw",174001,"Beef, loin, tenderloin roast, boneless, separable lean only, trimmed to 0"" fat, select, raw",,,excluded_no_match,essential oil
1519,cashew,77.14,169276,"Radishes, raw",168451,"Radishes, oriental, raw",170081,"Radishes, white icicle, raw",169300,"Succotash, (corn and limas), raw",169994,"Chives, raw",168472,"Squash, winter, acorn, raw",170095,"Radish seeds, sprouted, raw",168565,"Squash, zucchini, baby, raw",169289,"Squash, summer, scallop, raw",168475,"Squash, winter, hubbard, raw",170162,"Nuts, cashew nuts, raw",claude_proposed,raw/plain form chosen
1523,star_anise,93.64,170929,"Spices, mustard seed, ground",170937,"Spices, tarragon, dried",171725,"Custard-apple, (bullock's-heart), raw",173468,"Salt, table",171316,"Spices, anise seed",169256,"Mustard greens, raw",169401,"Yautia (tannier), raw",172839,"Ostrich, inside leg, raw",172841,"Ostrich, inside strip, raw",168487,"Taro leaves, raw",,,excluded_no_match,no USDA equivalent
1527,green_tea,80.0,172436,"Pigeon peas (red gram), mature seeds, raw",168575,"Grape leaves, raw",175301,"Game meat, elk, raw",173845,"Game meat, bear, raw",173855,"Game meat, deer, raw",175303,"Game meat, goat, raw",175086,"Game meat, horse, raw",174344,"Game meat, moose, raw",175294,"Game meat, beaver, raw",173853,"Game meat, caribou, raw",171917,"Beverages, tea, green, brewed, regular",claude_proposed,raw/plain form chosen
1529,munster_cheese,84.29,169256,"Mustard greens, raw",168422,"Mushrooms, Chanterelle, raw",168438,"Mustard spinach, (tendergreen), raw",170069,"Waxgourd, (chinese preserving melon), raw",172838,"Emu, oyster, raw",174487,"Ostrich, oyster, raw",172839,"Ostrich, inside leg, raw",174471,"Guinea hen, meat only, raw",172841,"Ostrich, inside strip, raw",174256,"Mung beans, mature seeds, raw",171245,"Cheese, muenster",claude_proposed,raw/plain form chosen
